"X:X, X:X, X:X, X:X, X:X, X:X, X:X, X:X, X:X, X:X, X:X, X:X, X:X, X:X, X:X, X:X, X:X, X:X, X:X, X:X, X:X, X:X, X:X, X:X, X:X, X:X, X:X, X:X, X:X, X:X, X:X, X:X, X:X, X:X, X:X, X:X, X:X, X:X, X:X, X:X, X:X, X:X, X:X, 808:5, 776:5, 777:5, X:X, X:X, X:X, X:X, X:X, 769:5, 730:5, 738:5, 742:5, X:X, X:X, X:X, 404:4, 521:5, 516:5, 546:5, 671:5, X:X,",
"X:X, X:X, X:X, X:X, X:X, X:X, X:X, X:X, 736:10, X:X, X:X, X:X, X:X, X:X, X:X, X:X, X:X, X:X, X:X, X:X, X:X, X:X, X:X, X:X, X:X, X:X, X:X, X:X, X:X, X:X, X:X, X:X, X:X, X:X, X:X, X:X, X:X, X:X, X:X, X:X, 917:10, 929:10, X:X, X:X, X:X, X:X, X:X, X:X, X:X, 789:10, 760:10, X:X, X:X, X:X, X:X, X:X, 357:10, 606:10, 508:5, 655:5, 683:5, X:X, X:X, X:X,",bras_droit
"X:X, X:X, X:X, X:X, X:X, X:X, X:X, X:X, X:X, X:X, X:X, X:X, X:X, X:X, X:X, X:X, X:X, X:X, X:X, X:X, X:X, X:X, X:X, X:X, X:X, X:X, X:X, X:X, X:X, X:X, X:X, X:X, X:X, X:X, X:X, X:X, X:X, X:X, X:X, X:X, X:X, X:X, X:X, X:X, X:X, X:X, X:X, X:X, X:X, X:X, X:X, X:X, 863:10, X:X, X:X, X:X, X:X, X:X, 735:4, 645:5, 667:5, 664:10, 892:10, X:X,",bras_gauche
"X:X, X:X, X:X, X:X, X:X, X:X, X:X, X:X, X:X, X:X, X:X, X:X, X:X, X:X, X:X, X:X, X:X, X:X, X:X, X:X, X:X, X:X, X:X, X:X, X:X, X:X, X:X, X:X, X:X, X:X, X:X, X:X, X:X, X:X, X:X, X:X, X:X, X:X, X:X, X:X, X:X, X:X, X:X, X:X, X:X, X:X, X:X, X:X, X:X, X:X, X:X, X:X, X:X, 807:10, 921:10, X:X, X:X, X:X, X:X, 658:5, 648:5, 620:5, 601:4, 672:10,",
"X:X, X:X, X:X, X:X, X:X, X:X, X:X, X:X, X:X, X:X, X:X, X:X, X:X, X:X, X:X, X:X, X:X, X:X, X:X, X:X, X:X, X:X, X:X, X:X, X:X, X:X, X:X, X:X, X:X, X:X, X:X, X:X, X:X, X:X, X:X, X:X, X:X, X:X, X:X, X:X, X:X, X:X, X:X, X:X, X:X, X:X, 817:10, 590:10, X:X, X:X, X:X, X:X, 933:10, 876:5, 890:5, 541:10, X:X, X:X, X:X, X:X, 692:5, 664:5, 695:5, X:X,",
"X:X, X:X, X:X, X:X, X:X, X:X, X:X, X:X, X:X, X:X, X:X, X:X, X:X, X:X, X:X, X:X, X:X, X:X, X:X, X:X, X:X, X:X, X:X, X:X, X:X, X:X, X:X, X:X, X:X, X:X, X:X, X:X, X:X, X:X, X:X, X:X, X:X, X:X, X:X, X:X, X:X, X:X, X:X, 771:10, 736:10, 766:10, 900:5, X:X, X:X, X:X, 690:10, 596:10, 630:4, 627:4, 645:4, 996:4, 525:10, 381:10, 424:10, 452:10, 496:5, 481:5, 416:4, 392:10,",bras_gauche
"X:X, X:X, X:X, X:X, X:X, X:X, X:X, X:X, X:X, X:X, X:X, X:X, X:X, X:X, X:X, X:X, X:X, X:X, X:X, X:X, X:X, X:X, X:X, X:X, X:X, X:X, X:X, X:X, X:X, X:X, X:X, X:X, X:X, X:X, X:X, X:X, X:X, X:X, X:X, X:X, X:X, X:X, X:X, X:X, X:X, X:X, X:X, X:X, 696:10, 620:10, 655:5, 660:5, 707:5, X:X, X:X, X:X, 392:5, 468:5, 518:5, 516:5, 524:5, 444:5, 516:5, X:X,",
"X:X, X:X, X:X, X:X, X:X, X:X, X:X, X:X, X:X, X:X, X:X, X:X, X:X, X:X, X:X, X:X, X:X, X:X, X:X, X:X, X:X, X:X, X:X, X:X, X:X, X:X, X:X, X:X, X:X, X:X, X:X, X:X, X:X, X:X, X:X, X:X, X:X, X:X, X:X, X:X, X:X, X:X, X:X, X:X, X:X, X:X, X:X, X:X, 991:4, 768:5, 653:5, 703:5, 687:5, 758:10, X:X, X:X, 416:5, 437:5, 484:5, 524:5, 522:5, 495:5, 431:5, X:X,",bras_droit
"X:X, X:X, X:X, X:X, X:X, X:X, X:X, X:X, X:X, X:X, X:X, X:X, X:X, X:X, X:X, X:X, X:X, X:X, X:X, X:X, X:X, X:X, X:X, X:X, X:X, X:X, X:X, X:X, X:X, X:X, X:X, X:X, X:X, X:X, X:X, X:X, X:X, X:X, X:X, X:X, X:X, X:X, X:X, X:X, X:X, X:X, X:X, X:X, 902:5, 1003:5, 726:9, 680:5, 651:5, X:X, X:X, X:X, X:X, 517:5, 487:5, 542:5, 550:5, 575:5, 508:5, X:X,",bras_droit
"X:X, X:X, X:X, X:X, X:X, X:X, X:X, X:X, X:X, X:X, X:X, X:X, X:X, X:X, X:X, X:X, X:X, X:X, X:X, X:X, X:X, X:X, X:X, X:X, X:X, X:X, X:X, X:X, X:X, X:X, X:X, X:X, X:X, X:X, X:X, X:X, X:X, X:X, X:X, X:X, X:X, X:X, X:X, X:X, X:X, X:X, X:X, X:X, 537:4, 651:4, 662:5, 671:5, 686:5, 715:10, X:X, 574:10, 413:10, 429:5, 481:5, 522:5, 511:5, 515:5, 451:5, 678:10,",
"X:X, X:X, X:X, X:X, X:X, X:X, X:X, X:X, X:X, X:X, X:X, X:X, X:X, X:X, X:X, X:X, X:X, X:X, X:X, X:X, X:X, X:X, X:X, X:X, X:X, X:X, X:X, X:X, X:X, X:X, X:X, X:X, X:X, X:X, X:X, X:X, X:X, X:X, X:X, X:X, X:X, X:X, X:X, 1228:10, X:X, X:X, X:X, 931:10, 542:5, 664:5, 612:5, 673:5, 693:5, 799:5, 952:10, 914:4, 407:5, 416:5, 484:5, 518:5, 512:5, 517:5, 386:5, X:X,",bras_gauche
"X:X, X:X, X:X, X:X, X:X, X:X, X:X, X:X, X:X, X:X, X:X, X:X, X:X, X:X, X:X, X:X, X:X, X:X, X:X, X:X, X:X, X:X, X:X, X:X, X:X, X:X, X:X, X:X, X:X, X:X, X:X, X:X, X:X, X:X, X:X, X:X, X:X, X:X, X:X, X:X, X:X, X:X, X:X, X:X, X:X, X:X, X:X, X:X, X:X, 722:5, 703:5, 669:5, X:X, X:X, X:X, X:X, 501:5, 484:5, 497:5, 587:5, 592:5, 600:9, 517:5, 491:10,",
"X:X, X:X, X:X, X:X, X:X, X:X, X:X, X:X, X:X, X:X, X:X, X:X, X:X, X:X, X:X, X:X, X:X, X:X, X:X, X:X, X:X, X:X, X:X, X:X, X:X, X:X, X:X, X:X, X:X, X:X, X:X, X:X, X:X, X:X, X:X, X:X, X:X, X:X, X:X, X:X, X:X, X:X, X:X, X:X, X:X, X:X, X:X, X:X, 952:10, X:X, 695:5, 689:5, 692:10, X:X, 615:10, 513:10, X:X, 550:5, 504:5, 549:5, 523:5, 492:5, 452:5, 490:5,",bras_droit
"X:X, X:X, X:X, X:X, X:X, X:X, X:X, X:X, X:X, X:X, X:X, X:X, X:X, X:X, X:X, X:X, X:X, X:X, X:X, X:X, X:X, X:X, X:X, X:X, X:X, X:X, X:X, X:X, X:X, X:X, X:X, X:X, X:X, X:X, X:X, X:X, X:X, X:X, X:X, X:X, X:X, 550:10, X:X, 651:10, 709:10, X:X, X:X, X:X, 731:4, 475:10, 493:4, 496:5, 606:5, 650:10, X:X, X:X, 330:10, 353:5, 378:5, 455:5, 491:5, 489:5, 452:5, X:X,",
"X:X, X:X, X:X, X:X, X:X, X:X, X:X, X:X, X:X, X:X, X:X, X:X, X:X, X:X, X:X, X:X, X:X, X:X, X:X, X:X, X:X, X:X, X:X, X:X, X:X, X:X, X:X, X:X, X:X, X:X, X:X, X:X, X:X, X:X, X:X, X:X, X:X, X:X, X:X, X:X, X:X, X:X, X:X, X:X, X:X, X:X, X:X, X:X, X:X, X:X, X:X, X:X, X:X, X:X, X:X, 913:10, X:X, X:X, 549:5, 567:5, 591:9, 678:5, 764:4, X:X,",bras_gauche
"X:X, X:X, X:X, X:X, X:X, X:X, X:X, X:X, X:X, X:X, X:X, X:X, X:X, X:X, X:X, X:X, X:X, X:X, X:X, X:X, X:X, X:X, X:X, X:X, X:X, X:X, X:X, X:X, X:X, X:X, X:X, X:X, X:X, X:X, X:X, X:X, X:X, X:X, X:X, X:X, X:X, X:X, X:X, X:X, X:X, X:X, X:X, X:X, X:X, X:X, X:X, X:X, X:X, 988:10, 881:10, 552:4, X:X, X:X, X:X, 807:4, 737:5, 727:5, X:X, 512:10,",
"X:X, X:X, X:X, X:X, X:X, X:X, X:X, X:X, 782:10, X:X, X:X, X:X, X:X, X:X, X:X, X:X, 837:10, X:X, X:X, X:X, X:X, X:X, X:X, X:X, 862:10, X:X, X:X, X:X, X:X, X:X, X:X, X:X, 892:10, 913:10, X:X, X:X, X:X, X:X, X:X, X:X, X:X, 937:10, X:X, X:X, X:X, X:X, X:X, X:X, X:X, X:X, 867:10, 673:10, 691:10, 694:4, X:X, X:X, X:X, 432:10, 476:10, 492:4, 538:5, 554:5, 609:10, X:X,",bras_droit
"X:X, X:X, X:X, X:X, X:X, X:X, X:X, X:X, X:X, X:X, X:X, X:X, X:X, X:X, X:X, X:X, X:X, X:X, X:X, X:X, X:X, X:X, X:X, X:X, X:X, X:X, X:X, X:X, X:X, X:X, X:X, X:X, X:X, X:X, X:X, X:X, X:X, X:X, X:X, X:X, X:X, X:X, X:X, X:X, X:X, X:X, X:X, X:X, 430:10, 480:10, 531:4, 682:5, X:X, X:X, X:X, X:X, 323:10, 377:5, 462:5, 499:5, 517:5, 498:5, X:X, X:X,",
"X:X, X:X, X:X, X:X, X:X, X:X, X:X, X:X, X:X, X:X, X:X, X:X, X:X, X:X, X:X, X:X, X:X, X:X, X:X, X:X, X:X, X:X, X:X, X:X, X:X, X:X, X:X, X:X, X:X, X:X, X:X, X:X, X:X, X:X, X:X, X:X, X:X, X:X, X:X, X:X, X:X, X:X, X:X, X:X, X:X, X:X, X:X, 836:10, X:X, 565:5, 663:5, 697:5, X:X, X:X, 909:10, 848:10, 506:5, 439:5, 502:5, 507:5, 566:5, 604:5, 504:10, X:X,",bras_gauche
"X:X, X:X, X:X, X:X, X:X, X:X, X:X, X:X, X:X, X:X, X:X, X:X, X:X, X:X, X:X, X:X, X:X, X:X, X:X, X:X, X:X, X:X, X:X, X:X, X:X, X:X, X:X, X:X, X:X, X:X, X:X, X:X, X:X, X:X, X:X, X:X, X:X, X:X, X:X, X:X, X:X, X:X, X:X, X:X, X:X, X:X, X:X, X:X, 603:10, 697:5, 691:5, 694:5, X:X, X:X, 679:4, 590:4, 442:5, 490:5, 515:5, 556:5, 585:5, 532:5, 850:4, X:X,",bras_gauche
"X:X, X:X, X:X, X:X, X:X, X:X, X:X, X:X, X:X, X:X, X:X, X:X, X:X, X:X, X:X, X:X, X:X, X:X, X:X, X:X, X:X, X:X, X:X, X:X, X:X, X:X, X:X, X:X, X:X, X:X, X:X, X:X, X:X, X:X, X:X, X:X, X:X, X:X, X:X, X:X, X:X, X:X, X:X, X:X, X:X, X:X, X:X, X:X, 743:5, X:X, 626:5, 668:5, 681:10, 701:10, X:X, X:X, 413:5, 448:5, 481:5, 511:5, 495:5, 469:5, 410:4, X:X,",
"X:X, X:X, X:X, X:X, X:X, X:X, X:X, X:X, X:X, X:X, X:X, X:X, X:X, X:X, X:X, X:X, X:X, X:X, X:X, X:X, X:X, X:X, X:X, X:X, X:X, X:X, X:X, X:X, X:X, X:X, X:X, X:X, X:X, X:X, X:X, X:X, X:X, X:X, X:X, X:X, X:X, X:X, X:X, X:X, X:X, X:X, X:X, X:X, X:X, X:X, 655:5, 671:5, 665:5, 688:5, 518:10, X:X, 844:5, 507:5, 498:5, 534:5, 501:5, 453:5, 435:5, X:X,",bras_droit
"X:X, X:X, X:X, X:X, X:X, X:X, X:X, X:X, X:X, X:X, X:X, X:X, X:X, X:X, X:X, X:X, X:X, X:X, X:X, X:X, X:X, X:X, X:X, X:X, X:X, X:X, X:X, X:X, X:X, X:X, X:X, X:X, X:X, X:X, X:X, X:X, X:X, X:X, X:X, X:X, X:X, X:X, X:X, X:X, X:X, X:X, X:X, X:X, X:X, 565:10, 591:5, 624:5, 673:5, 677:5, X:X, X:X, 416:5, 405:5, 440:5, 485:5, 521:5, 527:5, 470:5, X:X,",
"X:X, X:X, X:X, X:X, X:X, X:X, X:X, X:X, X:X, X:X, X:X, X:X, X:X, X:X, X:X, X:X, X:X, X:X, X:X, X:X, X:X, X:X, X:X, X:X, X:X, X:X, X:X, X:X, X:X, X:X, X:X, X:X, X:X, X:X, X:X, X:X, X:X, X:X, X:X, X:X, X:X, X:X, X:X, X:X, X:X, X:X, X:X, X:X, 708:10, 573:5, 512:5, 531:5, 597:5, 708:5, X:X, 912:10, 371:5, 336:5, 364:5, 463:5, 481:5, 552:5, X:X, X:X,",bras_gauche
"X:X, X:X, X:X, X:X, X:X, X:X, X:X, X:X, X:X, X:X, X:X, X:X, X:X, X:X, X:X, X:X, X:X, X:X, X:X, X:X, X:X, X:X, X:X, X:X, X:X, X:X, X:X, X:X, X:X, X:X, X:X, X:X, X:X, X:X, X:X, X:X, X:X, X:X, X:X, X:X, X:X, X:X, X:X, X:X, X:X, X:X, X:X, X:X, X:X, X:X, X:X, 715:5, 690:5, X:X, X:X, X:X, X:X, 483:5, 487:5, 516:5, 551:5, 533:5, 466:10, X:X,",
"X:X, X:X, X:X, X:X, X:X, X:X, X:X, X:X, X:X, X:X, X:X, X:X, X:X, X:X, X:X, X:X, X:X, X:X, X:X, X:X, X:X, X:X, X:X, X:X, X:X, X:X, X:X, X:X, X:X, X:X, X:X, X:X, X:X, X:X, X:X, X:X, X:X, X:X, X:X, X:X, X:X, X:X, X:X, X:X, X:X, X:X, X:X, X:X, X:X, X:X, X:X, X:X, 675:5, 673:10, X:X, X:X, 938:10, 976:4, 661:5, 526:5, 586:5, 540:5, 501:5, 411:10,",bras_droit
"X:X, X:X, X:X, X:X, X:X, X:X, X:X, X:X, X:X, X:X, X:X, X:X, X:X, X:X, X:X, X:X, X:X, X:X, X:X, X:X, X:X, X:X, X:X, X:X, X:X, X:X, X:X, X:X, X:X, X:X, X:X, X:X, X:X, X:X, X:X, X:X, X:X, X:X, X:X, X:X, X:X, X:X, X:X, X:X, X:X, X:X, X:X, X:X, 1010:10, 1019:10, X:X, X:X, X:X, X:X, X:X, X:X, X:X, X:X, 1026:4, 783:4, 634:9, 644:5, 674:5, X:X,",bras_droit
"X:X, X:X, X:X, X:X, X:X, X:X, X:X, X:X, X:X, X:X, X:X, X:X, X:X, X:X, X:X, X:X, X:X, X:X, X:X, X:X, X:X, X:X, X:X, X:X, X:X, X:X, X:X, X:X, X:X, X:X, X:X, X:X, X:X, X:X, X:X, X:X, X:X, X:X, X:X, X:X, X:X, X:X, X:X, X:X, X:X, X:X, X:X, X:X, X:X, X:X, X:X, X:X, X:X, X:X, X:X, X:X, 924:10, 620:10, 603:4, 659:5, 680:5, X:X, X:X, X:X,",
"X:X, X:X, X:X, X:X, X:X, X:X, X:X, X:X, X:X, X:X, X:X, X:X, X:X, X:X, X:X, X:X, X:X, X:X, X:X, X:X, X:X, X:X, X:X, X:X, X:X, X:X, X:X, X:X, X:X, X:X, X:X, X:X, X:X, X:X, X:X, X:X, X:X, X:X, X:X, X:X, X:X, X:X, X:X, X:X, X:X, X:X, X:X, X:X, 733:10, 606:10, 585:10, 641:10, 674:10, X:X, X:X, X:X, X:X, 370:4, 413:5, 485:5, 508:5, 636:10, X:X, X:X,",bras_gauche
"X:X, X:X, X:X, X:X, X:X, X:X, X:X, X:X, X:X, X:X, X:X, X:X, X:X, X:X, X:X, X:X, X:X, X:X, X:X, X:X, X:X, X:X, X:X, X:X, X:X, X:X, X:X, X:X, X:X, X:X, X:X, X:X, X:X, X:X, X:X, X:X, X:X, X:X, X:X, X:X, 577:10, 617:10, X:X, X:X, X:X, X:X, X:X, X:X, 360:4, 424:5, 471:5, 633:5, 675:5, X:X, X:X, X:X, 281:10, 326:5, 422:5, 493:5, 503:5, 483:5, X:X, X:X,",bras_gauche
"X:X, X:X, X:X, X:X, X:X, X:X, X:X, X:X, X:X, X:X, X:X, X:X, X:X, X:X, X:X, X:X, X:X, X:X, X:X, X:X, X:X, X:X, X:X, X:X, X:X, X:X, X:X, X:X, X:X, X:X, X:X, X:X, X:X, X:X, X:X, X:X, X:X, X:X, X:X, X:X, X:X, X:X, X:X, X:X, X:X, X:X, X:X, X:X, X:X, 676:4, 654:5, 685:5, 697:5, X:X, X:X, X:X, 397:5, 410:5, 481:5, 516:5, 519:5, 502:5, 487:10, X:X,",
"X:X, X:X, X:X, X:X, X:X, X:X, X:X, X:X, X:X, X:X, X:X, X:X, X:X, X:X, X:X, X:X, X:X, X:X, X:X, X:X, X:X, X:X, X:X, X:X, X:X, X:X, X:X, X:X, X:X, X:X, X:X, X:X, X:X, X:X, X:X, X:X, X:X, X:X, X:X, X:X, X:X, X:X, X:X, X:X, X:X, X:X, X:X, X:X, 1028:10, 982:4, 683:5, 664:5, 709:5, 655:10, X:X, X:X, 392:5, 450:5, 473:5, 503:5, 519:5, 532:5, 451:5, X:X,",bras_droit
"X:X, X:X, X:X, X:X, X:X, X:X, X:X, X:X, X:X, X:X, X:X, X:X, X:X, X:X, X:X, X:X, X:X, X:X, X:X, X:X, X:X, X:X, X:X, X:X, X:X, X:X, X:X, X:X, X:X, X:X, X:X, X:X, X:X, X:X, X:X, X:X, X:X, X:X, X:X, X:X, X:X, X:X, X:X, X:X, X:X, X:X, X:X, X:X, 1017:5, 1048:5, 670:5, 654:5, 700:5, X:X, X:X, X:X, 374:5, 412:5, 468:5, 497:5, 525:5, 593:5, X:X, X:X,",bras_droit
"X:X, X:X, X:X, X:X, X:X, X:X, X:X, X:X, X:X, X:X, X:X, X:X, X:X, X:X, X:X, X:X, X:X, X:X, X:X, X:X, X:X, X:X, X:X, X:X, X:X, X:X, X:X, X:X, X:X, X:X, X:X, X:X, X:X, X:X, X:X, X:X, X:X, X:X, X:X, X:X, X:X, X:X, X:X, X:X, X:X, X:X, X:X, X:X, 646:4, 580:4, 576:5, 641:5, 675:5, X:X, X:X, X:X, 360:5, 386:5, 431:5, 503:5, 506:5, 528:5, 463:10, X:X,",bras_gauche
"X:X, X:X, X:X, X:X, X:X, X:X, X:X, X:X, X:X, X:X, X:X, X:X, X:X, X:X, X:X, X:X, X:X, X:X, X:X, X:X, X:X, X:X, X:X, X:X, X:X, X:X, X:X, X:X, X:X, X:X, X:X, X:X, X:X, X:X, X:X, X:X, X:X, X:X, X:X, X:X, X:X, 686:10, X:X, X:X, X:X, X:X, X:X, X:X, 710:5, 721:5, 743:5, 707:9, X:X, X:X, X:X, X:X, 432:5, 542:5, 500:5, 608:5, 642:5, 590:5, 568:5, X:X,",
"X:X, 766:10, 786:10, X:X, X:X, X:X, X:X, X:X, X:X, 762:10, X:X, X:X, X:X, X:X, X:X, X:X, X:X, 796:10, X:X, X:X, X:X, X:X, X:X, X:X, X:X, 807:10, X:X, X:X, X:X, X:X, X:X, X:X, X:X, 859:10, X:X, X:X, X:X, X:X, X:X, X:X, X:X, 901:4, X:X, X:X, X:X, X:X, X:X, X:X, X:X, 800:5, 626:5, 673:5, 696:10, X:X, X:X, X:X, 411:5, 417:5, 480:5, 519:5, 535:5, 555:5, 524:5, X:X,",bras_droit
"X:X, X:X, X:X, X:X, X:X, X:X, X:X, X:X, X:X, X:X, X:X, X:X, X:X, X:X, X:X, X:X, X:X, X:X, X:X, X:X, X:X, X:X, X:X, X:X, X:X, X:X, X:X, 854:10, 838:10, X:X, X:X, X:X, X:X, X:X, 851:5, 796:10, 836:10, X:X, X:X, X:X, 713:5, 769:5, 761:5, 785:10, X:X, X:X, X:X, X:X, 641:5, 654:5, 633:5, 692:5, 762:4, X:X, X:X, X:X, 562:5, 549:5, 588:5, 621:5, 674:4, 727:4, X:X, X:X,",
"X:X, X:X, X:X, X:X, X:X, X:X, X:X, X:X, X:X, X:X, X:X, X:X, X:X, X:X, X:X, X:X, X:X, X:X, X:X, X:X, X:X, X:X, X:X, X:X, X:X, X:X, X:X, X:X, X:X, X:X, X:X, X:X, X:X, X:X, 766:5, 755:5, 680:5, X:X, X:X, X:X, X:X, X:X, 751:5, 712:5, 676:10, 659:10, 643:10, X:X, X:X, 408:4, 473:5, 525:5, 614:5, 644:10, 703:10, X:X, 237:4, 296:4, 305:4, 453:5, 494:5, 465:4, 404:10, X:X,",
"X:X, X:X, X:X, X:X, X:X, X:X, X:X, X:X, X:X, X:X, X:X, 763:10, X:X, X:X, X:X, X:X, X:X, X:X, 754:10, 731:10, X:X, X:X, X:X, X:X, 748:10, 772:10, X:X, X:X, X:X, X:X, X:X, X:X, 766:10, X:X, X:X, X:X, X:X, X:X, X:X, X:X, 848:10, 999:10, X:X, X:X, X:X, X:X, X:X, X:X, X:X, 632:4, 548:5, 680:5, 709:5, X:X, X:X, X:X, 328:5, 382:5, 471:5, 523:5, 525:5, 553:5, X:X, X:X,",
"743:10, X:X, X:X, X:X, X:X, X:X, X:X, X:X, 777:10, X:X, X:X, X:X, X:X, X:X, X:X, X:X, 795:10, X:X, X:X, X:X, X:X, X:X, X:X, X:X, 820:5, X:X, X:X, X:X, X:X, X:X, X:X, X:X, 849:5, X:X, X:X, X:X, X:X, X:X, X:X, X:X, X:X, 951:5, 722:10, 707:10, X:X, X:X, X:X, X:X, X:X, 550:9, 494:5, 638:5, 669:5, X:X, X:X, X:X, 343:5, 388:5, 467:5, 504:5, 522:5, 490:5, 453:10, X:X,",bras_droit
"X:X, X:X, X:X, X:X, X:X, X:X, X:X, X:X, X:X, X:X, X:X, X:X, X:X, X:X, X:X, X:X, X:X, X:X, X:X, X:X, X:X, X:X, X:X, X:X, X:X, X:X, X:X, X:X, X:X, X:X, X:X, X:X, X:X, X:X, X:X, X:X, X:X, X:X, X:X, 647:10, X:X, 552:4, 562:5, 706:5, 721:10, X:X, X:X, 742:10, 654:10, 463:5, 503:5, 508:5, 613:5, 660:10, 823:10, X:X, 354:5, 356:5, 401:5, 475:5, 526:5, 528:5, 483:5, X:X,",
"X:X, X:X, X:X, X:X, X:X, X:X, X:X, X:X, X:X, X:X, X:X, X:X, X:X, X:X, X:X, X:X, X:X, X:X, X:X, X:X, X:X, X:X, X:X, 853:10, X:X, X:X, X:X, X:X, X:X, X:X, X:X, 871:10, X:X, X:X, X:X, X:X, X:X, X:X, 923:10, 915:4, X:X, X:X, X:X, X:X, X:X, X:X, 929:10, X:X, 687:5, 559:5, 557:5, 647:5, 722:5, 952:4, 931:5, X:X, 421:5, 378:5, 403:5, 489:5, 525:5, 647:9, X:X, X:X,",bras_gauche
"X:X, 872:10, X:X, X:X, X:X, X:X, X:X, X:X, X:X, 856:10, X:X, X:X, X:X, X:X, X:X, X:X, X:X, X:X, X:X, X:X, X:X, X:X, X:X, X:X, 841:10, X:X, X:X, X:X, X:X, X:X, X:X, X:X, 871:10, X:X, X:X, X:X, X:X, X:X, X:X, X:X, 899:10, X:X, X:X, X:X, X:X, X:X, X:X, X:X, X:X, 854:4, 744:5, 724:5, X:X, X:X, X:X, X:X, 458:5, 433:5, 504:5, 540:5, 657:5, X:X, X:X, X:X,",bras_droit
"X:X, X:X, X:X, X:X, X:X, X:X, X:X, X:X, X:X, X:X, X:X, X:X, X:X, X:X, X:X, X:X, X:X, X:X, X:X, X:X, X:X, X:X, X:X, X:X, X:X, X:X, X:X, X:X, X:X, X:X, X:X, X:X, X:X, X:X, X:X, X:X, X:X, X:X, X:X, X:X, X:X, X:X, X:X, X:X, X:X, X:X, X:X, X:X, 571:10, X:X, 735:5, 688:5, 718:10, X:X, X:X, X:X, 680:4, 595:9, 522:5, 549:5, 603:5, 578:10, X:X, 719:10,",bras_droit
"X:X, X:X, X:X, X:X, X:X, X:X, X:X, X:X, X:X, X:X, X:X, X:X, X:X, X:X, X:X, X:X, X:X, X:X, X:X, X:X, X:X, X:X, X:X, X:X, 847:10, 899:10, 893:10, X:X, X:X, X:X, X:X, X:X, 848:10, 868:10, 900:10, 929:10, 976:10, X:X, X:X, X:X, X:X, X:X, X:X, X:X, 1001:10, X:X, X:X, X:X, X:X, X:X, X:X, X:X, 731:5, 786:10, X:X, X:X, X:X, X:X, X:X, 658:5, 648:5, 639:5, 540:10, X:X,",
"X:X, X:X, X:X, X:X, X:X, X:X, X:X, X:X, X:X, X:X, X:X, X:X, X:X, X:X, X:X, X:X, X:X, X:X, X:X, X:X, X:X, X:X, X:X, X:X, X:X, X:X, X:X, X:X, X:X, X:X, X:X, X:X, X:X, X:X, X:X, X:X, X:X, X:X, X:X, X:X, X:X, X:X, X:X, X:X, X:X, X:X, X:X, X:X, X:X, X:X, X:X, X:X, X:X, 981:5, X:X, 835:10, X:X, X:X, X:X, 799:5, 721:5, 910:4, 936:4, X:X,",
"730:10, X:X, X:X, X:X, X:X, X:X, X:X, X:X, 755:10, X:X, X:X, X:X, X:X, X:X, X:X, X:X, X:X, X:X, X:X, X:X, X:X, X:X, X:X, X:X, X:X, X:X, X:X, X:X, X:X, X:X, X:X, X:X, 946:10, 1060:10, X:X, X:X, X:X, X:X, X:X, X:X, X:X, 718:10, 713:10, 729:10, X:X, X:X, X:X, X:X, 374:10, 440:10, 485:10, 627:10, 692:10, X:X, X:X, X:X, 285:10, 370:10, 456:10, 480:4, 490:4, 472:4, X:X, X:X,",
"X:X, X:X, X:X, X:X, X:X, X:X, X:X, X:X, X:X, X:X, X:X, X:X, X:X, X:X, X:X, X:X, X:X, X:X, X:X, X:X, X:X, X:X, X:X, X:X, X:X, X:X, X:X, X:X, X:X, X:X, X:X, X:X, X:X, X:X, X:X, X:X, X:X, X:X, X:X, X:X, 945:10, X:X, X:X, X:X, X:X, X:X, X:X, X:X, 922:4, 998:4, X:X, X:X, X:X, X:X, X:X, X:X, X:X, 511:5, 555:5, 519:5, 647:5, 679:4, X:X, X:X,",bras_droit
"X:X, X:X, X:X, X:X, X:X, X:X, X:X, X:X, X:X, X:X, X:X, X:X, X:X, X:X, X:X, X:X, X:X, X:X, X:X, X:X, X:X, X:X, X:X, X:X, X:X, X:X, X:X, X:X, X:X, X:X, X:X, X:X, X:X, X:X, X:X, X:X, X:X, X:X, X:X, X:X, X:X, 778:10, 715:10, 631:10, 753:10, X:X, X:X, X:X, X:X, X:X, 558:10, 553:10, 554:10, 655:10, X:X, X:X, X:X, 379:5, 383:5, 409:5, 470:5, 494:5, 692:10, 1012:10,",
"X:X, X:X, X:X, X:X, X:X, X:X, X:X, X:X, X:X, X:X, X:X, X:X, X:X, X:X, X:X, X:X, X:X, X:X, X:X, X:X, X:X, X:X, X:X, X:X, X:X, X:X, X:X, X:X, X:X, X:X, X:X, X:X, X:X, X:X, X:X, X:X, X:X, X:X, X:X, X:X, X:X, X:X, X:X, X:X, X:X, X:X, X:X, X:X, 628:10, 628:10, 672:5, 684:5, X:X, X:X, X:X, X:X, 366:10, 447:5, 504:5, 527:5, 568:5, X:X, 531:5, X:X,",bras_gauche
"X:X, X:X, X:X, X:X, X:X, X:X, X:X, X:X, X:X, X:X, X:X, X:X, X:X, X:X, X:X, X:X, X:X, X:X, X:X, X:X, X:X, X:X, X:X, X:X, 938:10, X:X, X:X, X:X, X:X, X:X, X:X, X:X, 909:10, X:X, X:X, X:X, X:X, X:X, X:X, X:X, 929:10, 975:10, X:X, X:X, X:X, X:X, X:X, X:X, X:X, 970:4, 604:5, 658:5, 669:10, 678:10, X:X, X:X, 400:5, 412:5, 454:5, 493:5, 515:5, 506:10, 480:5, X:X,",bras_droit
"X:X, X:X, X:X, X:X, X:X, X:X, X:X, X:X, X:X, X:X, X:X, X:X, X:X, X:X, X:X, X:X, X:X, X:X, X:X, X:X, X:X, X:X, X:X, X:X, X:X, X:X, X:X, X:X, X:X, X:X, X:X, X:X, X:X, X:X, X:X, X:X, X:X, X:X, X:X, X:X, X:X, X:X, X:X, X:X, X:X, X:X, X:X, 691:10, 738:10, 612:4, 595:5, 632:5, 705:5, X:X, X:X, 656:10, 387:5, 381:5, 439:5, 494:5, 535:5, 636:5, 743:4, X:X,",
"X:X, X:X, X:X, X:X, X:X, X:X, X:X, X:X, X:X, X:X, X:X, X:X, X:X, X:X, X:X, X:X, X:X, X:X, X:X, X:X, X:X, X:X, X:X, X:X, X:X, X:X, X:X, X:X, X:X, X:X, X:X, X:X, X:X, X:X, X:X, X:X, X:X, X:X, X:X, 911:10, X:X, X:X, X:X, X:X, X:X, X:X, 968:10, X:X, 742:5, 628:5, 593:5, 663:5, 696:5, 939:10, 988:10, X:X, 399:5, 398:5, 463:5, 501:5, 535:5, 557:5, X:X, X:X,",bras_gauche
"X:X, X:X, X:X, X:X, X:X, X:X, X:X, X:X, X:X, X:X, X:X, X:X, X:X, X:X, X:X, X:X, X:X, X:X, X:X, X:X, X:X, X:X, X:X, X:X, X:X, X:X, X:X, X:X, X:X, X:X, X:X, X:X, X:X, X:X, X:X, X:X, X:X, X:X, X:X, X:X, X:X, X:X, 692:10, X:X, X:X, X:X, X:X, X:X, 766:5, 630:9, 591:5, 573:5, 697:5, 709:4, X:X, X:X, 397:5, 381:5, 419:5, 489:5, 523:5, 559:5, 476:10, X:X,",
"X:X, X:X, X:X, X:X, X:X, X:X, X:X, X:X, X:X, X:X, X:X, X:X, X:X, X:X, X:X, X:X, X:X, X:X, X:X, X:X, X:X, X:X, X:X, X:X, X:X, X:X, X:X, X:X, X:X, X:X, X:X, X:X, X:X, X:X, X:X, X:X, X:X, X:X, X:X, X:X, X:X, X:X, X:X, 750:10, X:X, X:X, X:X, X:X, 707:5, 560:5, 527:5, 613:5, 637:5, 687:5, X:X, X:X, 385:5, 403:5, 448:5, 511:5, 510:5, 479:5, 435:5, 416:10,",
"X:X, X:X, X:X, X:X, X:X, X:X, X:X, X:X, X:X, X:X, X:X, X:X, X:X, X:X, X:X, X:X, X:X, X:X, X:X, X:X, X:X, X:X, X:X, X:X, X:X, X:X, X:X, X:X, X:X, X:X, X:X, X:X, X:X, X:X, X:X, X:X, X:X, X:X, X:X, X:X, X:X, X:X, X:X, X:X, 746:10, X:X, X:X, X:X, X:X, X:X, 587:5, 654:5, 611:5, 654:5, 693:10, 785:10, 445:5, 415:5, 466:5, 503:5, 504:5, 474:5, 429:5, 407:5,",
"X:X, X:X, X:X, X:X, X:X, X:X, X:X, X:X, X:X, X:X, X:X, X:X, X:X, X:X, X:X, X:X, X:X, X:X, X:X, X:X, X:X, X:X, X:X, X:X, X:X, X:X, X:X, X:X, X:X, X:X, X:X, X:X, X:X, X:X, X:X, X:X, X:X, X:X, X:X, X:X, X:X, X:X, X:X, X:X, X:X, X:X, 799:10, 815:10, X:X, X:X, X:X, X:X, 704:5, 720:5, 829:5, X:X, X:X, X:X, X:X, 681:5, 641:5, 576:5, 456:5, X:X,",
"X:X, X:X, X:X, X:X, X:X, X:X, X:X, X:X, X:X, X:X, X:X, X:X, X:X, X:X, X:X, X:X, X:X, X:X, X:X, X:X, X:X, X:X, X:X, X:X, X:X, X:X, X:X, X:X, X:X, X:X, X:X, X:X, X:X, X:X, X:X, X:X, X:X, X:X, X:X, X:X, X:X, X:X, X:X, X:X, X:X, X:X, 841:5, X:X, X:X, X:X, X:X, X:X, X:X, X:X, 919:5, 849:10, X:X, X:X, X:X, 695:5, 697:5, 762:5, X:X, X:X,",
"X:X, X:X, X:X, X:X, X:X, X:X, X:X, X:X, X:X, X:X, X:X, X:X, X:X, X:X, X:X, X:X, X:X, X:X, X:X, X:X, X:X, X:X, X:X, 799:10, X:X, X:X, X:X, X:X, X:X, X:X, X:X, 840:10, X:X, X:X, X:X, X:X, X:X, X:X, X:X, 877:10, X:X, X:X, X:X, X:X, X:X, X:X, 873:5, X:X, X:X, X:X, X:X, X:X, X:X, X:X, 967:5, X:X, X:X, X:X, 631:10, 525:5, 639:5, 675:5, 722:10, X:X,",bras_gauche
"X:X, X:X, X:X, X:X, X:X, X:X, X:X, X:X, X:X, X:X, X:X, X:X, X:X, X:X, X:X, X:X, X:X, X:X, X:X, X:X, X:X, X:X, X:X, X:X, X:X, X:X, X:X, X:X, X:X, X:X, X:X, X:X, X:X, X:X, X:X, X:X, X:X, X:X, X:X, 784:5, 793:10, 747:10, 715:10, X:X, X:X, X:X, X:X, 806:10, 777:10, 471:10, 591:10, 558:10, 689:10, X:X, 861:5, 835:10, 340:10, 352:10, 405:4, 484:5, 519:5, 607:5, X:X, X:X,",bras_gauche
"X:X, X:X, X:X, X:X, X:X, X:X, X:X, X:X, X:X, X:X, X:X, X:X, X:X, X:X, X:X, X:X, 843:10, X:X, X:X, X:X, X:X, X:X, X:X, X:X, 852:10, X:X, X:X, X:X, X:X, X:X, X:X, X:X, 856:10, X:X, X:X, X:X, X:X, X:X, X:X, X:X, 908:5, X:X, X:X, X:X, X:X, X:X, X:X, X:X, X:X, 910:4, 715:5, 698:5, 709:5, X:X, X:X, X:X, 408:5, 450:5, 503:5, 533:5, 560:5, 525:5, 598:10, X:X,",bras_droit
"793:10, X:X, X:X, X:X, X:X, X:X, X:X, X:X, 813:10, X:X, X:X, X:X, X:X, X:X, X:X, X:X, 852:5, X:X, X:X, X:X, X:X, X:X, X:X, X:X, 858:5, X:X, X:X, X:X, X:X, X:X, X:X, X:X, 863:5, X:X, X:X, X:X, X:X, X:X, X:X, X:X, 906:5, X:X, X:X, X:X, X:X, X:X, X:X, X:X, X:X, 767:5, 621:5, 675:5, 704:5, X:X, X:X, X:X, 406:5, 441:5, 489:5, 514:5, 519:5, 497:5, X:X, X:X,",bras_droit
"X:X, X:X, X:X, X:X, X:X, X:X, X:X, X:X, X:X, X:X, X:X, X:X, X:X, X:X, X:X, X:X, X:X, X:X, X:X, X:X, X:X, X:X, X:X, X:X, X:X, X:X, X:X, X:X, X:X, X:X, X:X, X:X, X:X, X:X, X:X, X:X, X:X, X:X, X:X, X:X, 870:5, X:X, X:X, X:X, X:X, X:X, X:X, X:X, 888:10, 673:9, 605:5, 677:5, 700:5, X:X, X:X, X:X, 410:5, 432:5, 495:5, 531:5, 492:5, 492:5, 518:10, X:X,",
"X:X, X:X, X:X, X:X, X:X, X:X, X:X, X:X, X:X, X:X, X:X, X:X, X:X, X:X, 787:10, X:X, X:X, X:X, X:X, X:X, X:X, X:X, X:X, X:X, X:X, X:X, X:X, X:X, X:X, 824:10, X:X, X:X, X:X, X:X, X:X, X:X, X:X, X:X, 830:10, X:X, X:X, X:X, X:X, X:X, X:X, 888:10, 924:10, X:X, X:X, 707:5, 683:5, 695:5, 696:5, X:X, X:X, X:X, 505:5, 492:5, 508:5, 545:5, 516:5, 494:5, X:X, X:X,",bras_gauche
"X:X, X:X, X:X, X:X, X:X, X:X, X:X, X:X, X:X, X:X, X:X, X:X, X:X, X:X, X:X, X:X, X:X, X:X, X:X, X:X, X:X, X:X, X:X, 779:10, X:X, X:X, X:X, X:X, X:X, X:X, X:X, 799:10, X:X, X:X, X:X, X:X, X:X, X:X, X:X, 815:10, X:X, X:X, 719:10, 713:10, 687:10, X:X, 887:5, X:X, X:X, 732:5, 523:5, 568:5, 597:5, 659:10, X:X, X:X, 394:5, 383:5, 447:5, 506:5, 508:5, 479:5, 443:10, 434:10,",bras_gauche
"X:X, X:X, X:X, X:X, X:X, X:X, X:X, X:X, X:X, X:X, X:X, X:X, X:X, X:X, X:X, X:X, X:X, X:X, X:X, X:X, X:X, X:X, X:X, X:X, X:X, X:X, X:X, X:X, X:X, X:X, X:X, X:X, X:X, X:X, X:X, X:X, X:X, X:X, X:X, X:X, 858:10, X:X, X:X, X:X, X:X, X:X, X:X, X:X, 881:10, X:X, X:X, X:X, 733:5, 775:5, 565:10, 537:10, X:X, 876:4, X:X, 685:5, 644:5, 603:5, 498:5, 497:5,",
"X:X, X:X, X:X, X:X, X:X, X:X, X:X, X:X, X:X, X:X, X:X, X:X, X:X, X:X, X:X, X:X, X:X, X:X, X:X, X:X, X:X, X:X, X:X, X:X, X:X, X:X, X:X, X:X, X:X, X:X, X:X, X:X, X:X, X:X, X:X, X:X, X:X, X:X, X:X, X:X, X:X, X:X, X:X, X:X, X:X, X:X, X:X, X:X, 859:5, X:X, X:X, X:X, 755:5, 886:5, 575:5, X:X, 876:10, 922:5, X:X, 680:5, 671:5, 655:5, 515:5, 497:5,",
"X:X, X:X, X:X, X:X, X:X, X:X, X:X, X:X, X:X, X:X, 820:10, 824:10, X:X, X:X, X:X, X:X, X:X, X:X, X:X, X:X, X:X, X:X, X:X, X:X, X:X, X:X, 831:10, X:X, X:X, X:X, X:X, X:X, X:X, X:X, 856:10, X:X, X:X, X:X, X:X, X:X, X:X, X:X, 874:10, X:X, X:X, X:X, X:X, X:X, X:X, X:X, 950:10, 827:10, 694:5, 691:5, 678:5, X:X, X:X, X:X, 445:10, 495:5, 510:5, 528:5, 533:5, X:X,",bras_droit
"X:X, X:X, X:X, X:X, X:X, X:X, X:X, X:X, X:X, X:X, X:X, X:X, X:X, X:X, X:X, X:X, X:X, X:X, X:X, X:X, X:X, X:X, X:X, X:X, X:X, X:X, X:X, X:X, X:X, X:X, X:X, X:X, X:X, X:X, X:X, X:X, X:X, X:X, X:X, X:X, X:X, X:X, X:X, X:X, X:X, X:X, X:X, X:X, 738:10, 651:10, 570:4, 668:5, 708:5, X:X, X:X, 854:10, 375:10, 400:10, 484:5, 525:5, 568:5, 584:5, 891:4, X:X,",
"X:X, X:X, X:X, X:X, X:X, X:X, X:X, X:X, X:X, X:X, X:X, X:X, X:X, X:X, X:X, X:X, X:X, X:X, X:X, X:X, X:X, X:X, X:X, X:X, X:X, X:X, X:X, X:X, X:X, X:X, X:X, X:X, X:X, X:X, X:X, X:X, X:X, X:X, X:X, X:X, X:X, X:X, X:X, X:X, X:X, X:X, X:X, X:X, 777:5, 666:5, 567:5, 691:5, 688:5, X:X, X:X, X:X, 404:5, 419:5, 479:5, 523:5, 539:5, 519:5, 469:4, 924:10,",
"X:X, X:X, X:X, X:X, X:X, X:X, X:X, X:X, X:X, X:X, X:X, X:X, X:X, X:X, X:X, X:X, X:X, X:X, X:X, X:X, X:X, X:X, X:X, X:X, X:X, X:X, X:X, X:X, X:X, X:X, X:X, X:X, X:X, X:X, X:X, X:X, X:X, X:X, X:X, X:X, X:X, X:X, X:X, X:X, X:X, X:X, X:X, X:X, 938:5, 1007:4, 707:5, 542:5, 667:5, 688:10, X:X, X:X, 398:5, 397:5, 437:5, 488:5, 521:5, 535:5, 525:5, X:X,",
"X:X, X:X, X:X, X:X, X:X, X:X, X:X, X:X, X:X, X:X, X:X, X:X, X:X, X:X, X:X, X:X, X:X, X:X, X:X, X:X, X:X, X:X, X:X, X:X, X:X, X:X, X:X, X:X, X:X, X:X, X:X, X:X, X:X, X:X, X:X, X:X, X:X, X:X, X:X, X:X, X:X, X:X, X:X, X:X, X:X, X:X, X:X, X:X, 978:5, 836:5, 661:9, 677:5, X:X, X:X, X:X, X:X, 389:5, 426:5, 498:5, 525:5, 554:5, X:X, X:X, X:X,",
"X:X, X:X, X:X, X:X, X:X, X:X, X:X, X:X, X:X, X:X, X:X, X:X, X:X, X:X, X:X, X:X, X:X, X:X, X:X, X:X, X:X, X:X, X:X, 807:10, X:X, X:X, X:X, X:X, X:X, X:X, X:X, 846:10, X:X, X:X, X:X, X:X, X:X, X:X, X:X, 893:10, X:X, X:X, X:X, X:X, X:X, X:X, 970:10, X:X, X:X, X:X, 676:5, 626:5, 627:10, 567:10, 504:10, X:X, X:X, 437:5, 466:5, 492:5, 505:5, 472:10, 404:10, 382:10,",bras_gauche
"X:X, X:X, X:X, X:X, X:X, X:X, X:X, X:X, X:X, X:X, X:X, X:X, X:X, X:X, 766:10, X:X, X:X, X:X, X:X, X:X, X:X, X:X, X:X, X:X, X:X, X:X, X:X, X:X, X:X, X:X, 811:10, X:X, X:X, X:X, X:X, X:X, X:X, X:X, 844:10, X:X, X:X, X:X, X:X, X:X, X:X, X:X, 938:5, X:X, X:X, X:X, X:X, X:X, X:X, 979:4, X:X, X:X, X:X, X:X, X:X, 682:5, 659:5, 642:5, X:X, X:X,",bras_gauche
"X:X, X:X, X:X, X:X, X:X, X:X, X:X, X:X, X:X, X:X, X:X, X:X, X:X, X:X, X:X, X:X, X:X, X:X, X:X, X:X, X:X, X:X, X:X, X:X, X:X, X:X, X:X, X:X, X:X, X:X, X:X, X:X, X:X, X:X, X:X, X:X, X:X, X:X, X:X, X:X, X:X, X:X, X:X, X:X, X:X, X:X, X:X, X:X, X:X, X:X, X:X, X:X, X:X, 741:4, 830:10, 648:10, X:X, X:X, X:X, 687:5, 649:5, 597:5, 484:10, X:X,",
"X:X, X:X, X:X, X:X, X:X, X:X, X:X, X:X, X:X, X:X, X:X, X:X, X:X, X:X, X:X, X:X, X:X, X:X, X:X, X:X, X:X, X:X, X:X, X:X, X:X, X:X, X:X, X:X, X:X, X:X, X:X, X:X, 908:10, X:X, X:X, X:X, X:X, X:X, X:X, X:X, 912:10, 948:10, X:X, X:X, X:X, X:X, X:X, X:X, X:X, 1016:10, 1001:10, X:X, X:X, X:X, X:X, X:X, X:X, X:X, X:X, 790:5, 708:5, 726:5, 768:4, X:X,",bras_droit
"X:X, X:X, X:X, X:X, X:X, X:X, X:X, X:X, X:X, X:X, X:X, X:X, X:X, X:X, X:X, X:X, X:X, X:X, X:X, X:X, X:X, X:X, X:X, X:X, X:X, X:X, X:X, X:X, X:X, X:X, X:X, X:X, 632:4, X:X, X:X, X:X, X:X, X:X, X:X, X:X, 881:5, 598:4, X:X, X:X, X:X, X:X, X:X, X:X, X:X, 715:4, 650:4, 682:10, X:X, X:X, X:X, X:X, 367:10, 391:10, 487:10, 521:4, 612:5, X:X, X:X, X:X,",bras_droit
"X:X, X:X, X:X, X:X, X:X, X:X, X:X, X:X, X:X, X:X, X:X, X:X, X:X, X:X, X:X, X:X, X:X, X:X, X:X, X:X, X:X, X:X, X:X, X:X, X:X, X:X, X:X, X:X, X:X, X:X, X:X, X:X, X:X, X:X, X:X, X:X, X:X, X:X, X:X, X:X, X:X, X:X, X:X, X:X, X:X, X:X, X:X, X:X, X:X, X:X, X:X, X:X, X:X, X:X, X:X, X:X, 954:4, 877:4, 953:4, X:X, X:X, X:X, X:X, X:X,",
"X:X, X:X, X:X, X:X, X:X, X:X, X:X, X:X, X:X, X:X, X:X, X:X, X:X, X:X, X:X, X:X, X:X, X:X, X:X, X:X, X:X, X:X, X:X, X:X, X:X, X:X, X:X, X:X, X:X, X:X, X:X, X:X, X:X, X:X, X:X, 570:4, 562:4, X:X, X:X, X:X, 671:4, 621:4, 622:5, 623:5, 605:5, 686:5, X:X, X:X, 432:10, 460:5, 560:5, 599:5, 622:5, 638:5, X:X, X:X, 316:5, 437:5, 466:5, 448:5, 433:5, 390:5, 373:10, 315:10,",
"X:X, X:X, X:X, X:X, X:X, X:X, X:X, X:X, X:X, X:X, X:X, X:X, X:X, X:X, X:X, X:X, X:X, X:X, X:X, X:X, X:X, X:X, X:X, X:X, X:X, X:X, X:X, X:X, X:X, X:X, X:X, X:X, X:X, X:X, X:X, X:X, X:X, X:X, X:X, X:X, X:X, X:X, X:X, X:X, X:X, X:X, X:X, X:X, X:X, X:X, X:X, X:X, X:X, X:X, X:X, X:X, X:X, X:X, 615:4, 678:4, 666:5, X:X, X:X, X:X,",
"X:X, X:X, X:X, X:X, X:X, X:X, X:X, X:X, X:X, X:X, X:X, X:X, X:X, X:X, X:X, X:X, X:X, X:X, X:X, X:X, X:X, X:X, X:X, X:X, X:X, X:X, X:X, X:X, X:X, X:X, X:X, X:X, 654:10, 752:10, 791:10, 804:10, X:X, X:X, X:X, X:X, X:X, X:X, X:X, 831:10, 855:10, X:X, X:X, X:X, X:X, X:X, X:X, X:X, 914:10, X:X, X:X, X:X, X:X, X:X, X:X, 898:4, 851:5, X:X, X:X, X:X,",
"X:X, X:X, X:X, X:X, X:X, X:X, X:X, X:X, X:X, X:X, X:X, X:X, X:X, X:X, X:X, X:X, X:X, X:X, X:X, X:X, X:X, X:X, X:X, X:X, X:X, X:X, X:X, X:X, X:X, X:X, X:X, X:X, X:X, X:X, X:X, X:X, X:X, X:X, X:X, X:X, X:X, 932:10, X:X, X:X, X:X, X:X, X:X, X:X, 845:10, 868:10, 936:10, 981:10, X:X, X:X, X:X, X:X, X:X, X:X, 896:10, 757:5, 797:5, X:X, X:X, X:X,",
"X:X, X:X, X:X, X:X, X:X, X:X, X:X, X:X, X:X, X:X, X:X, X:X, X:X, X:X, X:X, X:X, X:X, X:X, X:X, X:X, X:X, X:X, X:X, X:X, X:X, X:X, X:X, X:X, X:X, X:X, X:X, X:X, X:X, X:X, X:X, X:X, X:X, X:X, X:X, X:X, X:X, X:X, X:X, X:X, 462:10, 465:10, X:X, X:X, X:X, X:X, 646:4, 538:4, 511:10, 723:10, 746:10, X:X, X:X, X:X, 605:4, 618:5, 590:4, 613:10, 609:10, 623:10,",
"X:X, X:X, X:X, X:X, X:X, X:X, X:X, X:X, X:X, X:X, X:X, X:X, X:X, X:X, X:X, X:X, X:X, X:X, X:X, X:X, X:X, X:X, X:X, X:X, X:X, X:X, X:X, X:X, 817:10, X:X, X:X, X:X, X:X, 611:10, 649:10, 760:10, 744:10, X:X, X:X, X:X, 440:10, 496:10, 601:10, 650:10, 669:4, 712:4, X:X, X:X, 335:10, 366:10, 559:5, 616:5, 606:5, 649:5, 726:5, X:X, 281:10, 276:10, 541:5, 564:5, 587:5, 594:5, 705:5, X:X,",
"X:X, X:X, X:X, X:X, X:X, X:X, X:X, X:X, X:X, X:X, X:X, X:X, X:X, X:X, X:X, X:X, X:X, X:X, X:X, X:X, X:X, X:X, X:X, X:X, X:X, X:X, X:X, X:X, X:X, X:X, X:X, X:X, X:X, X:X, X:X, X:X, X:X, X:X, X:X, X:X, 584:5, X:X, 740:5, 820:5, X:X, X:X, X:X, X:X, 368:5, 558:5, 550:5, 613:5, X:X, X:X, X:X, X:X, 247:5, 422:9, 488:5, 529:5, 532:5, 634:5, X:X, X:X,",
"X:X, X:X, X:X, X:X, X:X, X:X, X:X, X:X, X:X, X:X, X:X, X:X, X:X, X:X, X:X, X:X, X:X, X:X, X:X, X:X, X:X, X:X, X:X, X:X, X:X, X:X, X:X, X:X, X:X, X:X, X:X, X:X, X:X, X:X, X:X, X:X, X:X, X:X, X:X, X:X, X:X, X:X, X:X, X:X, X:X, X:X, X:X, X:X, X:X, X:X, X:X, 798:5, 780:10, X:X, 675:10, X:X, X:X, X:X, 591:5, 600:5, 585:5, 561:5, 613:10, 609:10,",
"X:X, X:X, X:X, X:X, X:X, X:X, X:X, X:X, X:X, X:X, X:X, X:X, X:X, X:X, X:X, X:X, X:X, X:X, X:X, X:X, X:X, X:X, X:X, X:X, X:X, X:X, X:X, X:X, X:X, X:X, X:X, X:X, X:X, X:X, X:X, X:X, X:X, X:X, X:X, X:X, X:X, X:X, X:X, X:X, X:X, X:X, X:X, X:X, 583:10, X:X, X:X, 770:9, 825:5, X:X, X:X, X:X, 583:10, 632:10, 632:5, 618:5, 619:5, 652:5, X:X, X:X,",
"X:X, X:X, X:X, X:X, X:X, X:X, X:X, X:X, X:X, X:X, X:X, X:X, X:X, X:X, X:X, X:X, X:X, X:X, X:X, X:X, X:X, X:X, X:X, X:X, X:X, X:X, X:X, X:X, X:X, X:X, X:X, X:X, X:X, X:X, X:X, X:X, X:X, X:X, X:X, X:X, X:X, X:X, X:X, X:X, X:X, X:X, X:X, X:X, 634:5, 756:10, 786:10, X:X, X:X, X:X, X:X, X:X, 581:5, 536:5, 578:5, 606:5, X:X, X:X, X:X, X:X,",bras_droit
"X:X, X:X, X:X, X:X, X:X, X:X, X:X, X:X, X:X, X:X, X:X, X:X, X:X, X:X, X:X, X:X, X:X, X:X, X:X, X:X, X:X, X:X, X:X, X:X, X:X, X:X, X:X, X:X, X:X, X:X, X:X, X:X, X:X, X:X, X:X, X:X, X:X, X:X, X:X, X:X, X:X, X:X, X:X, X:X, X:X, X:X, X:X, X:X, X:X, X:X, X:X, 834:10, X:X, X:X, X:X, X:X, 657:5, 647:5, 612:5, 621:5, 718:10, X:X, X:X, X:X,",
"X:X, X:X, X:X, X:X, X:X, X:X, X:X, X:X, X:X, X:X, X:X, X:X, X:X, X:X, X:X, X:X, X:X, X:X, X:X, X:X, X:X, X:X, X:X, X:X, X:X, X:X, X:X, X:X, X:X, X:X, X:X, X:X, X:X, X:X, X:X, X:X, X:X, X:X, X:X, X:X, X:X, X:X, X:X, X:X, X:X, X:X, X:X, X:X, X:X, X:X, X:X, X:X, 854:10, X:X, X:X, X:X, X:X, 698:5, 701:5, 658:5, 616:5, 639:10, X:X, X:X,",
"X:X, X:X, X:X, X:X, X:X, X:X, X:X, 569:10, X:X, X:X, X:X, X:X, X:X, X:X, X:X, 622:10, X:X, X:X, X:X, X:X, X:X, X:X, X:X, 623:10, X:X, X:X, X:X, X:X, X:X, X:X, X:X, 632:10, X:X, X:X, X:X, 843:10, 843:10, X:X, 726:10, 620:10, X:X, X:X, X:X, 749:10, 733:10, 650:10, 651:10, 626:10, X:X, 699:10, 581:10, 582:10, 562:4, 558:10, 571:10, 607:10, 692:10, 567:5, 509:5, 511:5, 485:5, 487:5, 507:10, 526:10,",
"X:X, X:X, X:X, X:X, X:X, X:X, X:X, X:X, X:X, X:X, X:X, X:X, X:X, X:X, X:X, X:X, X:X, X:X, X:X, X:X, X:X, X:X, X:X, X:X, X:X, X:X, X:X, X:X, X:X, X:X, X:X, X:X, X:X, X:X, X:X, X:X, X:X, X:X, X:X, X:X, X:X, X:X, X:X, X:X, X:X, X:X, X:X, 995:4, X:X, X:X, X:X, X:X, X:X, 846:4, 861:4, 862:4, X:X, X:X, X:X, 747:4, 679:5, 687:5, 660:5, X:X,",
"X:X, X:X, X:X, X:X, 916:10, X:X, X:X, X:X, X:X, X:X, X:X, X:X, 913:10, X:X, X:X, X:X, X:X, X:X, X:X, X:X, X:X, 910:10, X:X, X:X, X:X, X:X, X:X, X:X, X:X, 919:10, X:X, X:X, X:X, X:X, X:X, X:X, X:X, 910:10, X:X, X:X, X:X, X:X, X:X, X:X, 1020:10, 932:10, X:X, X:X, X:X, X:X, X:X, X:X, 941:10, X:X, X:X, X:X, X:X, X:X, X:X, 804:5, 731:5, 774:5, X:X, X:X,",
"X:X, X:X, X:X, X:X, X:X, X:X, X:X, X:X, X:X, X:X, X:X, X:X, X:X, X:X, X:X, X:X, X:X, X:X, X:X, X:X, X:X, X:X, X:X, X:X, X:X, X:X, X:X, X:X, X:X, X:X, X:X, X:X, X:X, X:X, X:X, X:X, X:X, X:X, X:X, X:X, X:X, X:X, X:X, 1003:10, X:X, X:X, X:X, X:X, 890:10, 943:10, 785:10, 807:10, 742:5, 876:10, 957:10, 929:10, 913:10, 647:10, 591:10, 605:5, 604:5, 629:5, X:X, X:X,",
"X:X, X:X, X:X, X:X, X:X, X:X, X:X, X:X, X:X, X:X, X:X, X:X, X:X, X:X, X:X, X:X, X:X, X:X, X:X, X:X, X:X, X:X, X:X, X:X, X:X, X:X, X:X, 787:10, 783:10, X:X, X:X, X:X, 429:10, 574:10, 612:10, 656:10, 680:10, 708:10, X:X, X:X, 339:10, 525:10, 588:10, 552:4, 577:10, 678:10, X:X, X:X, 264:4, 317:4, 524:4, 517:4, 530:4, 552:4, 626:4, X:X, 235:4, 247:4, 422:5, 462:5, 483:5, 503:5, 146:10, 149:10,",
"X:X, X:X, X:X, 388:10, 412:10, X:X, X:X, X:X, X:X, X:X, 419:10, 437:10, 408:10, X:X, X:X, X:X, X:X, X:X, X:X, 429:10, 434:10, 453:10, X:X, X:X, X:X, X:X, X:X, X:X, 439:4, 455:10, X:X, X:X, X:X, X:X, X:X, X:X, 481:5, 450:4, 461:10, X:X, X:X, 836:4, X:X, X:X, 515:5, 481:5, 451:10, X:X, 584:4, 619:5, 611:5, 627:9, 634:5, 490:5, 479:5, X:X, 483:4, 527:4, 532:5, 589:5, 616:5, 562:5, 480:5, X:X,",
"X:X, X:X, X:X, X:X, X:X, X:X, X:X, X:X, X:X, X:X, X:X, X:X, X:X, X:X, X:X, X:X, X:X, X:X, X:X, X:X, X:X, X:X, X:X, X:X, X:X, X:X, X:X, X:X, X:X, X:X, X:X, X:X, X:X, X:X, X:X, X:X, X:X, X:X, X:X, X:X, X:X, X:X, X:X, X:X, X:X, X:X, X:X, X:X, X:X, X:X, X:X, X:X, X:X, X:X, X:X, X:X, X:X, X:X, X:X, X:X, X:X, 790:4, X:X, 699:10,",
"X:X, X:X, X:X, X:X, X:X, X:X, X:X, X:X, X:X, X:X, X:X, X:X, X:X, X:X, X:X, X:X, X:X, X:X, X:X, X:X, X:X, X:X, X:X, X:X, X:X, X:X, X:X, X:X, X:X, X:X, X:X, X:X, X:X, X:X, X:X, X:X, X:X, X:X, X:X, X:X, X:X, X:X, X:X, X:X, X:X, X:X, X:X, X:X, 678:10, X:X, X:X, X:X, X:X, X:X, X:X, X:X, 679:10, X:X, 810:10, 823:10, X:X, X:X, X:X, X:X,",
"494:10, 492:10, 515:10, X:X, X:X, X:X, X:X, X:X, 495:10, 500:10, X:X, X:X, X:X, X:X, X:X, X:X, 508:10, 506:10, X:X, X:X, X:X, X:X, X:X, X:X, 519:10, 531:10, X:X, X:X, X:X, X:X, X:X, X:X, 545:10, 545:10, X:X, X:X, X:X, X:X, X:X, X:X, 568:10, 563:10, X:X, 909:10, X:X, X:X, X:X, X:X, 602:5, 590:10, 628:10, 724:10, 771:10, X:X, X:X, X:X, X:X, 579:10, 565:4, 546:4, 558:10, X:X, X:X, X:X,",bras_droit
"X:X, X:X, X:X, X:X, X:X, X:X, X:X, X:X, X:X, X:X, X:X, X:X, X:X, X:X, X:X, X:X, X:X, X:X, X:X, X:X, X:X, X:X, X:X, X:X, X:X, X:X, X:X, X:X, X:X, X:X, X:X, X:X, X:X, X:X, X:X, X:X, X:X, X:X, X:X, X:X, X:X, X:X, X:X, 957:5, 837:10, X:X, X:X, X:X, 603:5, 689:5, X:X, 813:5, 799:5, X:X, X:X, X:X, 586:10, 604:5, 524:5, 580:5, 611:5, 629:10, X:X, X:X,",
"X:X, X:X, X:X, X:X, X:X, X:X, X:X, X:X, X:X, X:X, X:X, X:X, X:X, X:X, X:X, X:X, X:X, X:X, X:X, X:X, X:X, X:X, X:X, X:X, X:X, X:X, X:X, X:X, X:X, X:X, X:X, X:X, X:X, X:X, X:X, X:X, X:X, X:X, X:X, X:X, X:X, X:X, X:X, X:X, X:X, X:X, X:X, X:X, X:X, X:X, X:X, 827:5, 810:5, X:X, X:X, X:X, 702:5, 625:5, 557:5, 624:5, 602:5, 621:5, 584:10, X:X,",
"X:X, X:X, X:X, X:X, X:X, X:X, X:X, X:X, X:X, X:X, X:X, X:X, X:X, X:X, X:X, X:X, X:X, X:X, X:X, X:X, X:X, X:X, X:X, X:X, X:X, X:X, X:X, X:X, X:X, X:X, X:X, X:X, X:X, X:X, X:X, X:X, X:X, X:X, X:X, X:X, X:X, X:X, 785:10, X:X, X:X, X:X, X:X, X:X, 603:10, 603:10, 585:10, 611:4, 605:4, 502:10, 363:10, X:X, 486:4, 517:5, 510:5, 524:5, 541:5, 382:4, 309:4, 267:10,",
"X:X, X:X, X:X, X:X, X:X, X:X, X:X, X:X, X:X, X:X, X:X, X:X, X:X, X:X, X:X, X:X, X:X, X:X, X:X, X:X, X:X, X:X, X:X, X:X, X:X, X:X, X:X, X:X, X:X, X:X, X:X, X:X, X:X, X:X, X:X, X:X, X:X, X:X, X:X, X:X, X:X, X:X, X:X, X:X, X:X, X:X, X:X, X:X, X:X, X:X, X:X, X:X, X:X, X:X, 794:4, X:X, X:X, X:X, X:X, X:X, X:X, 621:4, 588:4, 586:4,",
"X:X, X:X, X:X, X:X, X:X, X:X, X:X, X:X, X:X, X:X, X:X, X:X, X:X, X:X, X:X, X:X, X:X, X:X, X:X, X:X, X:X, X:X, X:X, X:X, X:X, X:X, X:X, X:X, X:X, X:X, X:X, X:X, X:X, X:X, X:X, X:X, X:X, X:X, X:X, X:X, X:X, X:X, 997:10, X:X, X:X, X:X, X:X, X:X, X:X, 882:10, 915:10, X:X, X:X, X:X, X:X, X:X, 832:10, 748:10, 713:10, 708:10, X:X, 1026:4, X:X, X:X,",
"X:X, X:X, X:X, X:X, X:X, X:X, X:X, X:X, X:X, X:X, X:X, X:X, X:X, X:X, X:X, X:X, X:X, X:X, X:X, X:X, X:X, X:X, X:X, X:X, X:X, X:X, X:X, X:X, X:X, X:X, X:X, X:X, X:X, X:X, X:X, X:X, X:X, X:X, X:X, X:X, X:X, X:X, X:X, X:X, X:X, X:X, X:X, X:X, X:X, X:X, X:X, 853:10, 922:10, X:X, 1046:10, X:X, X:X, X:X, 683:5, 655:5, 643:10, 657:4, X:X, X:X,",
"X:X, X:X, X:X, X:X, X:X, X:X, X:X, X:X, X:X, X:X, X:X, X:X, X:X, X:X, X:X, X:X, X:X, X:X, X:X, X:X, X:X, X:X, X:X, X:X, X:X, X:X, X:X, X:X, X:X, X:X, X:X, X:X, X:X, X:X, X:X, X:X, X:X, X:X, X:X, X:X, X:X, X:X, X:X, 1167:10, X:X, X:X, X:X, 525:10, 944:10, 941:10, 918:10, 879:5, X:X, X:X, X:X, 601:10, 874:10, 680:10, 687:5, 703:5, 773:5, 854:5, 696:10, 617:10,",
"X:X, X:X, X:X, 250:10, 270:10, 265:10, 270:10, X:X, X:X, X:X, 274:10, 285:10, 279:10, 283:10, X:X, X:X, X:X, 310:10, 305:10, 304:10, 310:10, X:X, X:X, X:X, 331:10, 334:10, 322:10, 320:10, 793:10, X:X, X:X, X:X, 343:10, 320:10, 321:10, 743:10, 645:10, X:X, X:X, X:X, 348:10, 338:10, 606:10, 722:4, 655:10, 666:10, X:X, X:X, 379:4, 398:4, 555:4, 576:4, 578:10, 555:10, 574:10, 573:5, 432:4, 442:4, 516:5, 518:5, 521:4, 519:4, 520:5, 515:5,",
"X:X, X:X, X:X, X:X, X:X, X:X, X:X, X:X, X:X, X:X, X:X, X:X, X:X, X:X, X:X, X:X, X:X, X:X, X:X, X:X, X:X, X:X, X:X, X:X, X:X, X:X, X:X, X:X, X:X, X:X, X:X, X:X, X:X, X:X, X:X, X:X, X:X, X:X, X:X, X:X, X:X, X:X, X:X, 1008:4, X:X, X:X, X:X, X:X, X:X, 905:4, 811:4, 801:4, 836:4, 939:4, 936:4, X:X, 844:4, 715:4, 656:5, 680:5, 712:5, 780:4, 894:4, 887:4,",
"X:X, X:X, X:X, X:X, X:X, X:X, X:X, X:X, X:X, X:X, X:X, X:X, X:X, X:X, X:X, X:X, X:X, X:X, X:X, X:X, X:X, X:X, X:X, X:X, X:X, X:X, X:X, X:X, X:X, X:X, X:X, X:X, X:X, X:X, X:X, X:X, X:X, X:X, X:X, X:X, X:X, X:X, X:X, 1172:5, X:X, X:X, X:X, X:X, X:X, X:X, X:X, 736:5, 840:5, X:X, 990:5, X:X, X:X, X:X, 643:5, 645:5, 642:5, 666:5, X:X, X:X,",
"X:X, X:X, X:X, X:X, X:X, X:X, X:X, X:X, X:X, X:X, X:X, X:X, X:X, X:X, X:X, X:X, X:X, X:X, X:X, X:X, X:X, X:X, X:X, X:X, X:X, X:X, X:X, X:X, X:X, X:X, X:X, X:X, X:X, X:X, X:X, X:X, X:X, X:X, X:X, X:X, X:X, X:X, X:X, X:X, X:X, X:X, X:X, X:X, X:X, X:X, X:X, X:X, X:X, 823:10, 974:5, 957:10, X:X, X:X, X:X, 670:5, 660:5, 654:5, 690:10, X:X,",
"X:X, X:X, X:X, X:X, X:X, X:X, X:X, X:X, X:X, X:X, X:X, X:X, X:X, X:X, X:X, X:X, X:X, X:X, X:X, X:X, X:X, X:X, X:X, X:X, X:X, X:X, X:X, X:X, X:X, X:X, X:X, X:X, X:X, X:X, X:X, X:X, X:X, X:X, X:X, X:X, X:X, X:X, X:X, X:X, 1092:10, X:X, X:X, X:X, X:X, X:X, X:X, 781:10, 734:10, 681:5, 705:4, X:X, X:X, 879:10, 601:10, 586:5, 607:5, 586:5, 562:5, X:X,",
"X:X, X:X, X:X, X:X, X:X, X:X, X:X, X:X, X:X, 364:10, X:X, X:X, X:X, X:X, X:X, X:X, 352:10, 350:10, 382:10, X:X, X:X, X:X, X:X, X:X, 379:10, 437:10, 417:10, X:X, X:X, X:X, X:X, X:X, 455:10, 472:10, X:X, 940:10, X:X, X:X, X:X, X:X, 490:10, 772:10, 805:10, 798:10, 851:4, X:X, X:X, X:X, 621:10, 718:10, 701:10, 705:5, 746:5, 783:5, X:X, X:X, X:X, 654:4, 608:5, 628:5, 655:5, 729:5, 808:4, X:X,",
"X:X, X:X, X:X, X:X, X:X, X:X, X:X, X:X, X:X, X:X, X:X, X:X, X:X, X:X, X:X, X:X, X:X, X:X, X:X, X:X, X:X, X:X, X:X, X:X, X:X, X:X, X:X, 837:10, X:X, X:X, X:X, X:X, X:X, X:X, 751:10, 734:4, X:X, X:X, X:X, X:X, X:X, 596:5, 645:5, 660:5, 576:4, 591:10, 577:10, 554:10, 656:5, 580:5, 573:5, 539:5, 520:4, 544:4, 527:10, 473:10, 562:10, 538:5, 503:5, 504:5, 485:5, 495:4, 487:4, 412:10,",
"X:X, X:X, X:X, X:X, X:X, X:X, X:X, X:X, X:X, X:X, X:X, X:X, X:X, X:X, X:X, X:X, X:X, X:X, X:X, X:X, X:X, X:X, X:X, X:X, X:X, X:X, X:X, X:X, X:X, X:X, X:X, X:X, X:X, X:X, X:X, X:X, X:X, X:X, X:X, X:X, X:X, X:X, X:X, X:X, X:X, X:X, X:X, X:X, 754:5, X:X, X:X, X:X, 855:4, X:X, X:X, X:X, 718:5, 721:5, 683:5, 637:5, 623:5, 626:5, 616:5, 634:4,",
"389:10, X:X, X:X, X:X, X:X, X:X, X:X, X:X, 396:10, X:X, X:X, X:X, X:X, X:X, X:X, X:X, 408:10, X:X, X:X, X:X, X:X, X:X, X:X, X:X, 412:10, X:X, X:X, X:X, X:X, X:X, X:X, X:X, 435:10, 487:10, X:X, X:X, X:X, X:X, X:X, X:X, 439:10, 550:10, X:X, 841:10, 810:10, X:X, X:X, X:X, 470:4, 540:10, 609:10, 601:10, 589:4, X:X, X:X, X:X, X:X, 541:5, 552:5, 532:5, 523:5, 560:5, X:X, X:X,",
"X:X, X:X, X:X, X:X, X:X, X:X, X:X, X:X, X:X, X:X, X:X, X:X, X:X, X:X, X:X, X:X, X:X, X:X, X:X, X:X, X:X, X:X, X:X, X:X, X:X, X:X, X:X, X:X, X:X, X:X, X:X, X:X, X:X, X:X, X:X, X:X, X:X, X:X, X:X, X:X, X:X, X:X, X:X, X:X, X:X, X:X, X:X, X:X, 670:5, 807:4, 823:4, X:X, X:X, X:X, X:X, X:X, 589:10, 573:5, 596:5, 638:5, X:X, X:X, X:X, X:X,",
"X:X, X:X, X:X, X:X, X:X, X:X, X:X, X:X, X:X, X:X, X:X, X:X, X:X, X:X, X:X, X:X, X:X, X:X, X:X, X:X, X:X, X:X, X:X, X:X, X:X, X:X, X:X, X:X, X:X, X:X, X:X, X:X, X:X, X:X, X:X, X:X, X:X, X:X, X:X, X:X, X:X, X:X, X:X, X:X, 864:10, X:X, X:X, X:X, X:X, X:X, X:X, 708:10, 747:10, X:X, X:X, X:X, X:X, 664:5, 571:5, 563:5, 561:10, 563:10, 647:10, 661:10,",
"X:X, X:X, X:X, X:X, X:X, X:X, X:X, X:X, X:X, X:X, X:X, X:X, X:X, X:X, X:X, X:X, X:X, X:X, X:X, X:X, X:X, X:X, X:X, X:X, X:X, X:X, X:X, X:X, X:X, X:X, X:X, X:X, X:X, X:X, X:X, X:X, X:X, X:X, X:X, X:X, X:X, X:X, X:X, 859:10, 793:5, X:X, X:X, X:X, X:X, X:X, 662:10, 656:5, 660:5, X:X, X:X, X:X, 491:10, 610:5, 547:5, 545:5, 545:5, 556:5, 668:5, 705:5,",
"X:X, X:X, X:X, X:X, X:X, X:X, X:X, X:X, X:X, X:X, X:X, X:X, X:X, X:X, X:X, X:X, X:X, X:X, X:X, X:X, X:X, X:X, X:X, X:X, X:X, X:X, X:X, X:X, X:X, X:X, X:X, X:X, X:X, X:X, X:X, X:X, X:X, X:X, X:X, X:X, 639:10, X:X, X:X, X:X, X:X, X:X, X:X, X:X, 615:10, 680:10, 688:5, 735:5, 765:5, X:X, X:X, X:X, 600:5, 625:5, 607:5, 568:5, 580:5, 591:5, 631:5, 765:5,",
"X:X, X:X, X:X, X:X, X:X, X:X, X:X, X:X, X:X, X:X, X:X, X:X, X:X, X:X, X:X, X:X, X:X, X:X, X:X, X:X, X:X, X:X, X:X, X:X, X:X, X:X, X:X, X:X, X:X, X:X, X:X, X:X, X:X, X:X, X:X, X:X, X:X, X:X, X:X, X:X, X:X, X:X, X:X, X:X, 939:10, X:X, X:X, X:X, X:X, 544:5, 479:4, 470:4, 467:4, 473:10, 474:10, X:X, X:X, 444:5, 446:5, 440:5, 441:5, 493:5, 478:5, 439:4,",
"X:X, X:X, X:X, X:X, X:X, X:X, 732:10, X:X, X:X, X:X, X:X, X:X, X:X, X:X, 746:10, X:X, X:X, X:X, X:X, X:X, X:X, X:X, 736:10, 704:10, X:X, X:X, X:X, X:X, X:X, X:X, X:X, 721:10, X:X, X:X, X:X, X:X, X:X, X:X, 740:10, 726:10, X:X, X:X, X:X, 983:10, X:X, X:X, 781:10, 752:10, X:X, X:X, X:X, 849:4, 848:4, 742:4, 762:4, X:X, X:X, X:X, 715:4, 695:4, 677:4, 693:5, 714:4, X:X,",
"X:X, X:X, X:X, X:X, X:X, X:X, X:X, 697:10, X:X, X:X, X:X, X:X, X:X, X:X, X:X, 757:10, X:X, X:X, X:X, X:X, X:X, X:X, X:X, 790:5, X:X, X:X, X:X, X:X, X:X, X:X, 830:10, X:X, X:X, X:X, X:X, X:X, X:X, X:X, 838:5, X:X, X:X, X:X, X:X, X:X, X:X, 900:10, 853:5, X:X, X:X, X:X, 843:10, 850:5, 921:5, X:X, X:X, X:X, X:X, 667:10, 643:5, 656:5, 684:5, X:X, X:X, X:X,",
"X:X, X:X, X:X, X:X, X:X, X:X, X:X, X:X, X:X, X:X, X:X, X:X, X:X, X:X, X:X, X:X, X:X, X:X, X:X, X:X, X:X, X:X, X:X, X:X, X:X, X:X, X:X, X:X, X:X, X:X, X:X, X:X, 592:10, X:X, X:X, X:X, X:X, X:X, X:X, X:X, 621:10, 485:10, 494:10, 520:10, 617:10, 691:4, X:X, X:X, 352:10, 362:10, 421:4, 486:4, 491:4, 506:10, 475:10, X:X, 268:10, 291:4, 364:4, 440:4, 475:4, 428:10, 394:10, 379:10,",
"X:X, X:X, X:X, X:X, X:X, X:X, X:X, X:X, X:X, X:X, X:X, X:X, X:X, X:X, X:X, X:X, X:X, X:X, X:X, X:X, X:X, X:X, X:X, X:X, X:X, X:X, X:X, X:X, X:X, X:X, X:X, X:X, X:X, X:X, X:X, X:X, X:X, X:X, X:X, X:X, X:X, X:X, X:X, X:X, X:X, X:X, X:X, X:X, X:X, X:X, X:X, X:X, X:X, X:X, X:X, X:X, 472:4, 508:4, 582:4, 629:5, 649:5, 804:4, X:X, X:X,",
"X:X, X:X, X:X, X:X, X:X, X:X, X:X, X:X, X:X, X:X, X:X, X:X, X:X, X:X, X:X, X:X, X:X, X:X, X:X, X:X, X:X, X:X, X:X, X:X, X:X, X:X, X:X, X:X, X:X, X:X, X:X, X:X, X:X, X:X, X:X, X:X, X:X, X:X, X:X, X:X, X:X, X:X, X:X, X:X, X:X, X:X, X:X, X:X, X:X, X:X, X:X, 1127:10, X:X, X:X, X:X, X:X, 788:4, 525:9, 541:5, 606:5, 611:5, X:X, X:X, X:X,",
"X:X, X:X, X:X, X:X, X:X, X:X, X:X, X:X, X:X, X:X, X:X, X:X, X:X, X:X, X:X, X:X, X:X, X:X, X:X, X:X, X:X, X:X, X:X, X:X, X:X, X:X, X:X, X:X, X:X, X:X, X:X, X:X, X:X, X:X, X:X, X:X, X:X, X:X, X:X, X:X, X:X, X:X, X:X, X:X, X:X, X:X, X:X, X:X, 704:10, 622:10, 565:10, X:X, X:X, X:X, X:X, X:X, 381:4, 453:5, 504:5, 539:5, 523:5, 506:10, X:X, X:X,",
"X:X, X:X, X:X, X:X, X:X, X:X, X:X, X:X, X:X, X:X, X:X, X:X, X:X, X:X, X:X, X:X, X:X, X:X, X:X, X:X, X:X, X:X, X:X, X:X, X:X, X:X, X:X, X:X, X:X, X:X, X:X, X:X, X:X, X:X, X:X, X:X, X:X, X:X, X:X, X:X, X:X, X:X, X:X, X:X, X:X, X:X, X:X, X:X, X:X, 623:5, 627:5, 567:10, X:X, X:X, 594:10, X:X, 457:5, 495:5, 538:5, 553:5, 535:5, 496:5, 696:10, X:X,",
"X:X, X:X, X:X, X:X, X:X, X:X, X:X, X:X, X:X, X:X, X:X, X:X, X:X, X:X, X:X, X:X, X:X, X:X, X:X, X:X, X:X, X:X, X:X, X:X, X:X, X:X, X:X, X:X, X:X, X:X, X:X, X:X, X:X, X:X, X:X, X:X, X:X, X:X, X:X, X:X, X:X, X:X, X:X, X:X, X:X, X:X, X:X, X:X, X:X, 782:5, 726:5, 712:5, X:X, X:X, X:X, X:X, 784:4, 419:5, 522:5, 506:5, 601:5, 640:5, X:X, X:X,",
"X:X, X:X, X:X, X:X, X:X, X:X, X:X, X:X, X:X, X:X, X:X, X:X, X:X, X:X, X:X, X:X, X:X, X:X, X:X, X:X, X:X, X:X, X:X, X:X, X:X, X:X, X:X, X:X, X:X, X:X, X:X, X:X, X:X, X:X, X:X, X:X, X:X, X:X, X:X, X:X, X:X, X:X, 716:5, 643:5, 669:5, 704:10, X:X, X:X, 661:4, 394:5, 485:5, 470:5, 598:5, 622:5, 680:10, X:X, 293:5, 310:5, 361:5, 452:5, 488:5, 491:5, 448:5, 433:5,",
"X:X, X:X, X:X, X:X, X:X, X:X, X:X, X:X, X:X, X:X, X:X, X:X, X:X, X:X, X:X, X:X, X:X, X:X, X:X, X:X, X:X, X:X, X:X, X:X, X:X, X:X, X:X, X:X, X:X, X:X, X:X, X:X, X:X, X:X, X:X, X:X, X:X, X:X, X:X, X:X, X:X, 600:10, 496:4, 634:5, 655:5, 677:5, X:X, X:X, 344:4, 382:5, 455:5, 501:5, 513:5, 504:5, 417:4, X:X, 245:5, 293:5, 372:5, 469:5, 461:5, 427:5, 395:5, 385:5,",
"X:X, X:X, X:X, X:X, X:X, X:X, X:X, X:X, X:X, X:X, X:X, X:X, X:X, X:X, X:X, X:X, X:X, X:X, X:X, X:X, X:X, X:X, X:X, X:X, X:X, X:X, X:X, X:X, X:X, X:X, X:X, X:X, X:X, X:X, X:X, X:X, X:X, X:X, X:X, X:X, X:X, X:X, X:X, X:X, 809:9, X:X, X:X, X:X, X:X, 585:4, 600:5, 628:5, 644:5, 656:5, 891:4, X:X, 347:5, 452:5, 476:5, 487:5, 473:5, 435:5, 375:5, 405:5,",
"X:X, X:X, X:X, X:X, X:X, X:X, X:X, X:X, X:X, X:X, X:X, X:X, X:X, X:X, X:X, X:X, X:X, X:X, X:X, X:X, X:X, X:X, X:X, X:X, X:X, X:X, X:X, X:X, X:X, 530:10, X:X, X:X, X:X, X:X, X:X, X:X, 582:10, 519:10, X:X, X:X, X:X, X:X, X:X, X:X, X:X, 626:10, X:X, X:X, X:X, X:X, X:X, X:X, 689:5, 665:5, X:X, X:X, X:X, X:X, X:X, 930:4, 818:4, X:X, X:X, X:X,",
"X:X, X:X, X:X, X:X, 800:10, X:X, X:X, X:X, X:X, X:X, X:X, X:X, 833:10, X:X, X:X, X:X, X:X, X:X, X:X, X:X, 806:10, 844:10, X:X, X:X, X:X, X:X, X:X, X:X, 869:10, 852:4, X:X, X:X, X:X, X:X, X:X, X:X, 897:4, X:X, X:X, X:X, X:X, X:X, X:X, X:X, 933:10, X:X, X:X, X:X, X:X, 1063:10, 881:10, 907:10, X:X, X:X, X:X, X:X, X:X, 701:10, 733:10, 702:4, 747:5, X:X, X:X, X:X,",bras_gauche
"X:X, X:X, X:X, X:X, X:X, X:X, X:X, X:X, X:X, X:X, X:X, X:X, X:X, X:X, X:X, X:X, X:X, X:X, X:X, X:X, X:X, X:X, X:X, X:X, X:X, X:X, X:X, X:X, X:X, X:X, X:X, X:X, X:X, 824:10, 834:10, 903:10, X:X, X:X, X:X, X:X, 576:10, 607:10, 614:10, 641:10, 789:5, 856:10, X:X, X:X, 427:10, 485:4, 535:4, 569:4, 636:10, 799:10, 672:10, 609:10, 355:10, 456:4, 448:4, 426:4, 400:4, 377:10, 364:10, 493:10,",
"X:X, X:X, X:X, X:X, X:X, X:X, X:X, X:X, X:X, X:X, X:X, X:X, X:X, X:X, X:X, X:X, X:X, X:X, 804:10, 816:10, 791:10, X:X, X:X, X:X, 876:10, 690:10, 513:10, 586:10, 592:10, 619:10, 653:10, X:X, 395:10, 381:4, 411:4, 467:4, 502:10, 558:10, 623:10, X:X, 294:4, 315:4, 401:4, 458:5, 450:4, 442:4, 408:10, 387:10, 223:4, 265:4, 335:5, 424:5, 428:4, 397:4, 341:4, 334:4, 195:5, 229:4, 294:5, 417:5, 407:5, 364:5, 317:5, 297:5,",
"X:X, X:X, X:X, X:X, X:X, X:X, X:X, X:X, X:X, X:X, X:X, X:X, X:X, X:X, X:X, X:X, X:X, X:X, 804:9, 844:5, 803:5, X:X, X:X, X:X, X:X, 977:4, 626:5, 622:5, 595:5, 658:5, 648:5, X:X, 838:4, 404:5, 426:5, 471:5, 562:5, 591:5, 619:5, X:X, 296:5, 334:5, 396:5, 443:5, 450:5, 458:5, 405:5, 378:5, 237:5, 275:5, 324:5, 424:5, 443:5, 415:5, 365:5, 336:5, 203:5, 224:5, 283:5, 383:5, 438:5, 388:5, 325:5, 315:5,",
"X:X, X:X, X:X, X:X, X:X, X:X, X:X, X:X, X:X, X:X, X:X, X:X, X:X, X:X, X:X, X:X, X:X, X:X, X:X, X:X, X:X, X:X, X:X, X:X, X:X, X:X, X:X, X:X, X:X, X:X, X:X, X:X, X:X, X:X, X:X, X:X, X:X, X:X, X:X, X:X, X:X, X:X, X:X, X:X, X:X, X:X, X:X, X:X, X:X, X:X, X:X, X:X, X:X, X:X, X:X, X:X, X:X, X:X, X:X, 1019:4, X:X, X:X, X:X, X:X,",
"X:X, X:X, X:X, X:X, X:X, X:X, X:X, X:X, X:X, X:X, X:X, X:X, X:X, X:X, X:X, X:X, X:X, X:X, X:X, X:X, X:X, X:X, X:X, X:X, X:X, X:X, X:X, X:X, X:X, X:X, X:X, X:X, X:X, X:X, X:X, X:X, X:X, X:X, X:X, X:X, X:X, X:X, X:X, X:X, X:X, X:X, X:X, X:X, X:X, X:X, X:X, X:X, X:X, X:X, X:X, X:X, X:X, X:X, X:X, X:X, X:X, X:X, X:X, X:X,",
"X:X, X:X, X:X, X:X, X:X, X:X, X:X, X:X, X:X, 736:10, X:X, X:X, X:X, X:X, X:X, X:X, X:X, 762:10, 768:10, X:X, X:X, X:X, X:X, X:X, X:X, X:X, X:X, 774:10, 806:10, X:X, X:X, X:X, X:X, X:X, X:X, 768:10, 786:10, X:X, X:X, X:X, X:X, X:X, X:X, X:X, 797:10, 816:10, X:X, X:X, X:X, X:X, X:X, X:X, 899:10, 835:10, X:X, X:X, X:X, X:X, X:X, 956:10, 862:10, X:X, X:X, X:X,",bras_gauche
"X:X, X:X, X:X, X:X, X:X, 729:10, X:X, X:X, X:X, X:X, X:X, X:X, X:X, 766:10, X:X, X:X, X:X, X:X, X:X, X:X, X:X, 783:10, X:X, X:X, X:X, X:X, X:X, X:X, X:X, 814:10, X:X, X:X, X:X, X:X, X:X, X:X, X:X, 870:10, X:X, X:X, X:X, X:X, 1086:10, 904:10, 923:5, X:X, X:X, X:X, X:X, 831:10, 778:10, 774:10, 856:5, X:X, X:X, X:X, 711:10, 631:10, 611:10, 634:4, 673:5, X:X, X:X, X:X,",bras_gauche
"X:X, X:X, X:X, X:X, X:X, X:X, X:X, X:X, X:X, X:X, X:X, X:X, X:X, X:X, X:X, X:X, X:X, X:X, X:X, X:X, X:X, X:X, X:X, X:X, X:X, X:X, X:X, X:X, X:X, X:X, X:X, X:X, 809:10, 670:10, 632:10, 713:10, X:X, X:X, X:X, X:X, 480:10, 593:10, 607:4, 621:4, 662:4, 882:10, 744:10, X:X, 414:10, 449:4, 478:4, 476:4, 478:4, 744:10, 635:10, 614:10, 350:4, 427:4, 440:5, 413:4, 384:4, 362:10, 336:10, 336:10,",
"X:X, X:X, X:X, X:X, X:X, X:X, X:X, X:X, X:X, X:X, X:X, X:X, X:X, X:X, X:X, X:X, X:X, X:X, X:X, 1049:10, X:X, X:X, X:X, X:X, X:X, 851:10, 721:10, 690:10, 723:10, X:X, X:X, X:X, 841:5, 448:4, 550:5, 600:5, 606:10, 650:10, X:X, X:X, 319:5, 402:5, 426:5, 462:5, 450:4, 495:4, 407:4, X:X, 258:5, 335:5, 426:5, 443:5, 418:5, 400:5, 353:4, 333:4, 224:5, 287:5, 376:5, 438:5, 399:5, 364:5, 314:5, 302:5,",
"X:X, X:X, X:X, X:X, X:X, X:X, X:X, X:X, X:X, X:X, X:X, X:X, X:X, X:X, X:X, X:X, X:X, X:X, X:X, X:X, X:X, X:X, X:X, X:X, X:X, X:X, X:X, X:X, X:X, X:X, X:X, X:X, X:X, X:X, X:X, X:X, X:X, X:X, X:X, X:X, X:X, X:X, X:X, X:X, X:X, X:X, X:X, X:X, X:X, X:X, X:X, 1080:4, X:X, X:X, X:X, X:X, X:X, 995:4, 791:4, 810:4, 730:4, X:X, X:X, X:X,",
"X:X, X:X, X:X, X:X, X:X, X:X, X:X, X:X, X:X, X:X, X:X, X:X, X:X, X:X, X:X, X:X, X:X, X:X, X:X, X:X, X:X, X:X, X:X, X:X, X:X, X:X, X:X, X:X, 717:10, X:X, X:X, X:X, X:X, X:X, X:X, X:X, X:X, 780:10, X:X, X:X, X:X, X:X, X:X, X:X, X:X, 804:10, X:X, X:X, X:X, X:X, X:X, X:X, X:X, 882:10, X:X, X:X, X:X, X:X, X:X, X:X, X:X, 952:10, X:X, X:X,",
"X:X, X:X, X:X, X:X, X:X, X:X, X:X, X:X, X:X, X:X, X:X, X:X, X:X, X:X, X:X, X:X, 924:10, X:X, X:X, X:X, X:X, X:X, X:X, X:X, X:X, 974:10, X:X, X:X, X:X, X:X, X:X, X:X, X:X, 978:10, X:X, X:X, X:X, X:X, X:X, X:X, 845:10, 988:10, X:X, X:X, X:X, X:X, X:X, X:X, 617:10, 672:10, X:X, X:X, X:X, X:X, X:X, X:X, 588:10, 626:10, X:X, X:X, X:X, X:X, X:X, X:X,",
"X:X, X:X, X:X, X:X, X:X, X:X, X:X, X:X, X:X, X:X, X:X, X:X, X:X, X:X, X:X, X:X, X:X, X:X, X:X, X:X, X:X, X:X, X:X, X:X, X:X, X:X, X:X, X:X, X:X, X:X, X:X, X:X, 683:10, X:X, X:X, X:X, X:X, X:X, X:X, X:X, 652:5, X:X, X:X, X:X, X:X, X:X, X:X, X:X, 676:5, X:X, X:X, X:X, X:X, X:X, X:X, X:X, 609:5, 639:5, X:X, X:X, X:X, X:X, X:X, X:X,",
"476:10, 466:10, 481:10, 492:10, 451:10, 428:10, 390:10, 370:10, 452:10, 476:10, 457:10, 534:10, 492:10, 410:10, 429:10, 359:10, 459:10, 470:10, 479:10, 496:10, 505:10, 484:10, 404:10, 387:10, 477:10, 483:10, 497:10, 571:10, 544:10, 537:10, 499:10, 395:10, 495:5, 526:10, 584:10, 554:10, 524:10, 489:10, 528:10, 367:10, 512:5, 624:10, 577:10, 505:10, 514:10, 442:10, 431:10, 354:10, 507:5, 479:10, 519:10, 484:10, 515:10, 523:10, 390:10, 451:10, 539:5, 451:5, 464:10, X:X, 490:10, 503:10, 483:10, 455:10,",
"530:5, 366:4, 429:4, X:X, X:X, X:X, X:X, 310:4, 512:5, 423:5, 419:4, 345:4, X:X, X:X, X:X, 60:4, 430:5, 425:5, 404:5, 411:5, 365:5, 360:4, X:X, 63:4, 424:5, 383:5, 387:5, 347:4, 337:4, 335:4, 323:5, 313:5, 381:5, 371:5, 332:4, 327:4, 315:4, 310:5, 169:4, 70:4, 452:5, 338:4, 329:4, 322:5, 311:4, 314:5, 292:5, 280:5, 550:5, 390:5, 329:5, 319:5, 314:4, 300:4, 282:9, 80:4, 488:5, 426:5, 373:5, 483:5, 340:5, 397:5, 305:5, 52:4,",
"474:5, X:X, 484:5, X:X, X:X, X:X, 368:4, X:X, 475:5, 424:4, 477:4, X:X, 484:10, X:X, X:X, X:X, 455:5, 431:5, 384:5, 382:5, 405:4, 469:4, X:X, 65:5, 545:5, 386:5, 420:5, 343:5, 387:5, 456:5, 457:5, 65:5, 504:5, 475:5, 427:5, 434:5, 356:5, 439:5, 134:5, 62:5, 570:5, 489:5, 493:5, 467:5, 468:5, 437:5, 444:5, 63:5, 455:4, X:X, 454:4, X:X, X:X, 428:4, X:X, 55:5, 538:5, X:X, X:X, X:X, X:X, X:X, X:X, 51:5,",
"X:X, X:X, X:X, X:X, X:X, X:X, X:X, X:X, X:X, X:X, X:X, 337:10, X:X, X:X, X:X, X:X, X:X, X:X, 415:4, X:X, X:X, X:X, X:X, 67:5, X:X, X:X, X:X, X:X, X:X, X:X, 68:4, 69:5, X:X, X:X, X:X, X:X, X:X, X:X, X:X, 64:5, X:X, 565:5, X:X, 427:5, 361:4, 313:4, 59:4, 61:5, 201:4, 484:10, 416:9, 440:10, 391:10, 397:5, 378:10, 55:5, 451:5, 126:10, 365:9, 131:10, 382:10, 163:10, 367:10, 148:5,",
"X:X, X:X, X:X, X:X, X:X, X:X, X:X, X:X, X:X, X:X, X:X, X:X, X:X, X:X, X:X, X:X, X:X, X:X, X:X, X:X, X:X, X:X, X:X, 66:5, X:X, X:X, X:X, X:X, 672:10, 687:10, X:X, 68:5, X:X, X:X, X:X, X:X, 660:10, 655:10, X:X, 62:5, X:X, X:X, X:X, 747:4, 625:4, 656:4, 658:4, 58:5, X:X, X:X, X:X, X:X, 665:4, 644:4, 604:4, 57:5, X:X, X:X, 728:4, 658:4, 634:4, 567:4, 560:5, 527:4,",
"X:X, X:X, X:X, X:X, X:X, X:X, X:X, X:X, X:X, X:X, X:X, X:X, X:X, X:X, X:X, X:X, X:X, X:X, X:X, X:X, X:X, X:X, X:X, 66:5, X:X, X:X, X:X, X:X, X:X, X:X, X:X, 66:5, X:X, X:X, X:X, X:X, X:X, X:X, X:X, 61:5, X:X, X:X, X:X, X:X, 661:5, 646:5, 671:5, 58:5, X:X, X:X, X:X, 617:10, 609:5, 586:5, 577:5, 53:5, X:X, X:X, 575:5, 575:5, 580:5, 531:5, 497:5, 489:5,",
"X:X, X:X, X:X, X:X, X:X, X:X, X:X, X:X, X:X, X:X, 653:10, 643:10, X:X, X:X, X:X, X:X, X:X, X:X, 653:10, 640:10, 651:10, X:X, X:X, 65:5, X:X, 697:10, 661:10, 646:10, 693:10, X:X, X:X, 66:5, 585:10, 632:10, 643:10, 648:10, 683:10, X:X, X:X, 61:5, 584:10, 575:10, 550:10, 549:10, 603:5, 612:5, X:X, 54:5, 546:10, 520:10, 514:10, 484:5, 574:5, 506:5, 475:5, 55:5, 544:10, 494:10, 477:5, 497:5, 552:5, 405:5, 309:5, 117:4,",
"X:X, 655:10, 625:10, 554:10, X:X, X:X, X:X, X:X, X:X, 616:10, 616:5, 633:5, X:X, X:X, X:X, X:X, 650:10, 632:10, 616:5, 657:5, X:X, X:X, X:X, 66:5, 571:10, 623:5, 641:5, X:X, X:X, X:X, X:X, 62:5, 565:5, 539:5, 516:5, 624:5, 614:5, X:X, X:X, 63:5, 501:5, 489:5, 517:5, 562:5, 554:5, 502:5, X:X, 58:5, 477:5, 468:5, 485:5, 539:5, 514:5, 427:5, 379:5, 55:5, 468:5, 450:5, 472:5, 508:5, 481:5, 325:5, 283:5, 158:5,",
"X:X, X:X, X:X, X:X, X:X, X:X, X:X, X:X, X:X, X:X, X:X, 515:5, X:X, X:X, X:X, X:X, X:X, X:X, X:X, 643:9, 753:10, X:X, X:X, 64:5, 624:5, 636:5, 655:5, 681:10, 745:10, X:X, X:X, 64:5, 598:5, 598:5, 584:5, 615:5, 646:5, X:X, X:X, 59:5, 573:5, 555:5, 545:5, 567:5, 596:5, 654:5, 623:10, 60:5, 563:5, 497:5, 504:5, 525:5, 586:5, 631:4, 590:4, 52:5, 465:5, 458:5, 470:5, 494:5, 551:5, 628:4, 559:4, 540:4,",
"X:X, X:X, X:X, X:X, X:X, X:X, X:X, X:X, X:X, X:X, X:X, X:X, X:X, X:X, X:X, X:X, X:X, X:X, X:X, 810:5, 774:5, X:X, X:X, 63:5, X:X, X:X, X:X, 759:5, 780:5, X:X, X:X, 65:5, 687:5, X:X, 763:5, 741:5, 767:5, X:X, X:X, 58:5, 663:5, 626:5, 636:5, 639:5, 768:5, X:X, X:X, 57:5, 611:5, 557:5, 570:5, 585:5, 643:5, 669:5, 624:5, 53:5, 524:5, 498:5, 510:5, 534:5, 594:5, 639:5, 596:5, 569:5,",
"X:X, X:X, X:X, X:X, X:X, X:X, X:X, X:X, X:X, X:X, X:X, X:X, X:X, X:X, X:X, X:X, X:X, X:X, X:X, X:X, X:X, X:X, X:X, 65:5, X:X, X:X, X:X, X:X, X:X, X:X, X:X, 67:5, X:X, X:X, 951:5, X:X, X:X, X:X, X:X, 62:5, 891:4, 782:5, 683:5, 663:5, 739:5, X:X, X:X, 59:5, 411:4, 475:5, 600:5, 640:5, 649:5, 1056:4, X:X, 54:5, 357:5, 376:5, 470:5, 479:5, 441:5, 413:4, 367:4, 299:4,",
"X:X, X:X, X:X, X:X, X:X, X:X, X:X, X:X, X:X, X:X, X:X, X:X, X:X, X:X, X:X, X:X, X:X, X:X, X:X, X:X, X:X, X:X, X:X, 67:5, X:X, X:X, X:X, X:X, 1128:10, X:X, X:X, 65:5, X:X, X:X, 979:5, 1032:10, 1091:10, X:X, X:X, 61:5, 785:5, 911:5, 871:5, 785:5, 804:5, 874:10, X:X, 55:5, X:X, X:X, 662:5, 628:5, 656:5, 682:4, 783:10, 51:5, X:X, 431:5, 466:5, 494:5, 522:5, 537:5, 567:4, 807:4,",
"X:X, X:X, X:X, X:X, X:X, X:X, X:X, X:X, X:X, X:X, X:X, X:X, X:X, X:X, X:X, X:X, X:X, X:X, X:X, X:X, X:X, X:X, X:X, 65:5, X:X, X:X, X:X, X:X, X:X, X:X, X:X, 64:5, X:X, X:X, X:X, X:X, X:X, X:X, X:X, 60:5, X:X, X:X, 938:5, X:X, X:X, X:X, X:X, 59:5, 791:10, 868:10, 690:5, 673:5, 691:5, X:X, X:X, 54:5, 426:10, 453:5, 494:5, 549:5, 578:5, 631:5, 796:4, X:X,",
"X:X, X:X, X:X, X:X, X:X, X:X, X:X, X:X, X:X, X:X, X:X, X:X, X:X, X:X, X:X, X:X, X:X, X:X, X:X, X:X, X:X, X:X, X:X, 61:5, X:X, X:X, X:X, X:X, X:X, X:X, X:X, 64:5, X:X, X:X, X:X, X:X, X:X, X:X, X:X, 60:5, X:X, X:X, X:X, 1156:10, X:X, X:X, X:X, 56:5, 559:4, 939:5, 879:5, 929:4, 901:4, X:X, 524:10, 55:5, 843:4, 749:4, 618:5, 679:5, 725:5, 817:5, 570:4, X:X,",
"282:10, 276:10, X:X, X:X, X:X, X:X, X:X, X:X, 306:10, 303:10, X:X, X:X, X:X, X:X, X:X, X:X, 349:10, X:X, X:X, X:X, X:X, X:X, X:X, 67:5, X:X, X:X, X:X, X:X, 729:10, X:X, X:X, 65:5, X:X, X:X, X:X, 793:10, 693:10, 670:10, X:X, 60:5, 548:10, 601:10, 658:10, 610:4, 595:10, 582:10, 602:10, 58:5, 508:5, 559:4, 551:4, 541:4, 549:4, 533:10, 544:5, 57:5, 512:4, 527:4, 495:5, 490:5, 500:4, 491:4, 483:5, 506:10,",
"359:5, 354:5, X:X, X:X, X:X, X:X, X:X, X:X, 314:5, 281:5, 275:10, 257:10, 248:10, X:X, X:X, X:X, 340:5, 358:10, 314:10, 261:10, 246:10, 255:10, X:X, 66:5, 495:10, 544:10, X:X, 278:10, 267:4, 285:10, 266:10, 61:5, 504:10, 524:10, 511:10, 536:4, 437:4, 364:4, X:X, 62:5, 512:5, 458:5, 471:5, 470:5, 481:5, 490:5, 502:5, 57:5, 439:5, 437:5, 437:5, 431:5, 439:5, 450:5, 470:5, 56:5, 407:5, 407:5, 402:5, 393:5, 402:5, 414:5, 430:5, 445:5,",
"X:X, X:X, X:X, X:X, X:X, X:X, X:X, X:X, X:X, X:X, X:X, X:X, X:X, X:X, X:X, X:X, X:X, X:X, X:X, X:X, X:X, X:X, X:X, 66:5, X:X, X:X, X:X, X:X, X:X, X:X, X:X, 62:5, X:X, X:X, X:X, X:X, X:X, X:X, X:X, 62:5, X:X, X:X, X:X, X:X, X:X, X:X, X:X, 57:5, X:X, X:X, X:X, X:X, X:X, X:X, X:X, 55:5, X:X, 892:4, 757:4, 756:4, 738:4, 780:4, 827:4, X:X,",
"X:X, X:X, X:X, X:X, X:X, X:X, X:X, X:X, X:X, X:X, X:X, X:X, X:X, X:X, X:X, X:X, X:X, X:X, X:X, X:X, X:X, X:X, X:X, 63:5, X:X, X:X, X:X, X:X, X:X, X:X, X:X, 64:5, X:X, X:X, X:X, X:X, X:X, X:X, X:X, 61:5, X:X, X:X, X:X, X:X, X:X, X:X, X:X, 55:5, 599:10, 628:10, X:X, X:X, 806:10, X:X, X:X, 50:5, X:X, 721:5, 589:9, 562:5, 556:5, 650:5, 670:5, X:X,",
"X:X, X:X, X:X, X:X, X:X, X:X, X:X, X:X, X:X, X:X, X:X, X:X, X:X, X:X, X:X, X:X, X:X, X:X, X:X, X:X, X:X, 740:10, X:X, 66:5, X:X, X:X, X:X, X:X, X:X, X:X, 774:10, 63:5, X:X, X:X, X:X, X:X, X:X, X:X, 798:10, 59:5, X:X, X:X, X:X, X:X, X:X, X:X, 868:10, 58:5, X:X, X:X, X:X, X:X, X:X, X:X, 911:10, 53:5, X:X, X:X, X:X, X:X, 1118:4, 951:4, 907:4, X:X,",
"X:X, X:X, X:X, X:X, X:X, X:X, X:X, X:X, X:X, X:X, X:X, X:X, X:X, X:X, X:X, X:X, X:X, X:X, X:X, X:X, X:X, X:X, X:X, 65:5, X:X, X:X, X:X, X:X, X:X, X:X, X:X, 64:5, X:X, X:X, X:X, X:X, X:X, X:X, X:X, 62:5, X:X, X:X, X:X, X:X, X:X, X:X, X:X, 58:5, X:X, X:X, X:X, 882:10, 872:10, 972:10, 1007:5, 52:5, X:X, 783:10, 725:10, 737:10, 758:4, 856:5, X:X, X:X,",
"X:X, X:X, X:X, X:X, X:X, X:X, X:X, X:X, X:X, X:X, X:X, X:X, X:X, X:X, X:X, X:X, X:X, X:X, X:X, X:X, X:X, X:X, X:X, 66:5, X:X, X:X, X:X, X:X, X:X, X:X, X:X, 65:5, 872:10, X:X, X:X, 1022:10, X:X, X:X, X:X, 63:5, 844:10, 814:10, 791:10, 810:10, 910:10, X:X, X:X, 58:5, 770:10, 631:10, 673:10, 681:4, 831:5, 839:5, 465:4, 54:5, 261:10, 449:4, 521:4, 591:5, 620:5, 700:5, 607:10, X:X,",
"X:X, X:X, X:X, X:X, X:X, X:X, X:X, X:X, X:X, X:X, X:X, X:X, X:X, X:X, X:X, X:X, X:X, X:X, X:X, X:X, 728:10, X:X, X:X, 65:5, X:X, X:X, X:X, 728:10, 698:10, 611:10, X:X, 63:5, 605:4, 674:10, 703:10, 724:4, 679:10, 708:10, X:X, 61:5, 615:4, 620:5, 622:5, 599:4, 612:4, 602:10, 618:10, 55:5, 600:5, 588:5, 572:5, 565:5, 560:4, 566:4, 571:5, 54:5, 568:5, 539:5, 528:5, 532:5, 534:5, 536:5, 550:5, 482:10,",
"X:X, X:X, X:X, 433:10, X:X, X:X, X:X, X:X, X:X, X:X, 545:10, 570:10, 403:10, X:X, X:X, X:X, X:X, X:X, 582:10, 560:10, 557:5, X:X, X:X, 66:5, 484:10, 483:10, 482:10, 480:4, 469:4, 451:5, 497:10, 64:5, 444:5, 426:4, 434:4, 431:4, 419:4, 429:4, 452:10, 66:5, 411:4, 393:4, 407:4, 398:4, 393:4, 399:4, 435:5, 61:5, 391:4, 375:4, 379:5, 377:5, 373:5, 382:5, 405:5, 59:5, 357:4, 350:5, 356:5, 352:5, 356:5, 359:5, 378:5, 378:5,",
"X:X, X:X, X:X, X:X, X:X, X:X, X:X, X:X, X:X, X:X, X:X, X:X, X:X, 636:10, 412:10, X:X, X:X, X:X, X:X, X:X, 570:5, 587:10, 588:10, 65:5, X:X, X:X, 551:5, 525:5, 501:5, 493:5, 497:5, 65:5, X:X, 530:5, 507:5, 456:5, 438:5, 439:5, 440:5, 64:5, X:X, 562:5, 455:5, 418:5, 400:5, 407:5, 392:5, 64:5, 530:5, 520:5, 420:5, 378:5, 380:5, 370:5, 367:5, 66:5, 500:5, 487:5, 362:5, 357:5, 344:5, 350:5, 335:5, 329:5,",
"X:X, X:X, X:X, X:X, X:X, X:X, X:X, X:X, X:X, X:X, X:X, X:X, X:X, X:X, X:X, X:X, X:X, X:X, X:X, X:X, X:X, X:X, X:X, 67:5, X:X, X:X, X:X, X:X, X:X, X:X, X:X, 66:5, X:X, X:X, X:X, X:X, X:X, X:X, X:X, 63:5, X:X, X:X, X:X, X:X, X:X, X:X, X:X, 59:5, X:X, X:X, X:X, X:X, X:X, X:X, X:X, 54:5, X:X, X:X, X:X, X:X, X:X, X:X, X:X, X:X,",
"X:X, X:X, X:X, X:X, X:X, X:X, X:X, X:X, X:X, X:X, X:X, X:X, X:X, X:X, X:X, 707:10, X:X, X:X, X:X, X:X, X:X, X:X, X:X, 64:5, X:X, X:X, X:X, X:X, X:X, X:X, X:X, 62:5, X:X, X:X, X:X, X:X, X:X, X:X, X:X, 61:5, X:X, X:X, X:X, X:X, X:X, X:X, X:X, 56:5, X:X, X:X, X:X, X:X, X:X, X:X, 769:10, 50:5, X:X, X:X, X:X, 878:10, X:X, X:X, 736:10, 719:10,",
"X:X, X:X, X:X, X:X, X:X, X:X, X:X, X:X, X:X, X:X, X:X, X:X, X:X, X:X, X:X, X:X, X:X, X:X, X:X, X:X, X:X, X:X, X:X, 65:5, X:X, X:X, X:X, X:X, X:X, X:X, X:X, 66:5, X:X, X:X, X:X, X:X, X:X, X:X, X:X, 61:5, X:X, X:X, X:X, X:X, X:X, X:X, X:X, 57:5, 943:10, 928:10, 883:10, X:X, X:X, X:X, X:X, 50:5, 732:10, 660:10, 683:10, 753:5, X:X, X:X, X:X, X:X,",
"X:X, X:X, X:X, X:X, X:X, X:X, X:X, X:X, X:X, X:X, X:X, X:X, 731:10, 742:10, 682:10, X:X, X:X, X:X, 787:10, 762:10, 758:10, X:X, X:X, 65:5, X:X, X:X, 810:10, X:X, X:X, X:X, X:X, 64:5, X:X, X:X, 879:10, X:X, X:X, X:X, X:X, 59:5, X:X, X:X, 917:10, 988:10, X:X, X:X, X:X, 59:5, X:X, X:X, 780:5, 840:10, X:X, X:X, X:X, 55:5, 304:4, 722:5, 672:5, 676:5, X:X, X:X, X:X, X:X,",
"X:X, X:X, X:X, X:X, X:X, X:X, 827:10, X:X, X:X, X:X, X:X, X:X, 866:5, 865:5, 861:5, X:X, X:X, X:X, X:X, 909:5, 894:5, X:X, X:X, 67:5, X:X, X:X, X:X, 914:10, X:X, X:X, X:X, 65:5, X:X, X:X, 863:5, 884:10, X:X, X:X, X:X, 61:5, X:X, 692:10, 735:5, 798:5, X:X, X:X, X:X, 59:5, 277:10, 369:10, 639:5, 661:5, X:X, X:X, X:X, 53:5, 193:5, 227:4, 328:4, 469:4, 625:10, X:X, X:X, X:X,",
"X:X, X:X, 748:10, X:X, X:X, X:X, X:X, X:X, X:X, 774:10, X:X, X:X, X:X, X:X, X:X, X:X, 779:10, 795:10, X:X, X:X, X:X, X:X, X:X, 66:5, 794:10, 814:10, X:X, X:X, X:X, X:X, X:X, 63:5, X:X, 880:10, X:X, X:X, X:X, X:X, X:X, 60:5, X:X, 884:5, 969:4, 978:5, X:X, X:X, X:X, 58:5, X:X, 912:4, 858:4, 727:5, 809:10, X:X, X:X, 53:5, 268:5, 331:5, 562:4, 531:5, 633:5, 660:10, X:X, X:X,",
"X:X, X:X, X:X, X:X, X:X, X:X, X:X, X:X, X:X, X:X, X:X, X:X, X:X, X:X, X:X, X:X, X:X, X:X, 470:10, 457:10, 450:10, X:X, X:X, 60:5, X:X, 521:4, 525:10, 469:10, 421:10, X:X, X:X, 64:5, X:X, 563:4, 585:10, X:X, X:X, 1043:10, X:X, 62:5, X:X, 603:4, 694:4, 925:5, 975:10, 976:10, X:X, 59:5, X:X, 702:4, 833:5, 812:5, 786:5, 835:10, 894:10, 53:5, X:X, X:X, 773:4, 727:5, 691:5, 737:5, 808:10, 816:10,",
"X:X, X:X, X:X, X:X, X:X, X:X, X:X, X:X, X:X, X:X, X:X, X:X, X:X, X:X, X:X, X:X, X:X, X:X, X:X, X:X, X:X, X:X, X:X, 64:5, X:X, X:X, X:X, 723:4, 711:4, X:X, X:X, 61:5, X:X, X:X, 635:5, 613:10, 585:10, 564:4, 561:10, 59:5, 653:10, 565:5, 560:5, 543:4, 511:4, 512:4, 524:10, 57:5, 608:10, 509:5, 492:4, 486:4, 468:4, 472:4, 512:4, 53:5, 543:10, 469:10, 447:4, 440:4, 435:4, 453:4, 471:4, 449:4,",
"X:X, X:X, X:X, X:X, X:X, 387:10, 401:10, X:X, X:X, X:X, X:X, X:X, 377:10, 405:10, X:X, 77:10, X:X, X:X, X:X, 417:10, 390:10, 385:10, X:X, 63:5, X:X, X:X, 401:10, 407:4, 401:4, 387:10, X:X, 62:5, X:X, 439:10, 410:4, 395:4, 417:5, X:X, X:X, 59:5, X:X, 445:5, 386:5, 413:5, X:X, 753:4, 645:5, 57:5, X:X, 416:5, 415:5, 468:5, 609:5, 625:5, 643:5, 62:5, 422:5, 426:5, 434:5, 521:5, 553:5, 542:5, 509:5, 545:5,",
"X:X, X:X, X:X, X:X, X:X, X:X, X:X, X:X, X:X, X:X, X:X, X:X, X:X, X:X, X:X, X:X, X:X, 547:10, 630:10, 639:4, X:X, X:X, X:X, 62:5, 475:10, X:X, 570:5, 571:5, 556:5, 523:5, 532:10, 66:5, 545:10, 527:5, 512:5, 497:5, 472:5, 475:10, 497:10, 58:5, 472:10, 462:5, 459:5, 456:5, 437:10, 440:4, 476:9, 60:5, 451:10, 422:5, 417:5, 420:5, 404:4, 422:4, 444:5, 53:5, 422:5, 398:5, 390:5, 385:5, 382:5, 378:5, 411:5, 353:5,",
"X:X, X:X, X:X, X:X, X:X, X:X, X:X, X:X, X:X, X:X, X:X, X:X, X:X, X:X, X:X, X:X, X:X, X:X, X:X, X:X, X:X, X:X, X:X, 61:5, X:X, X:X, X:X, X:X, X:X, 777:4, X:X, 62:5, X:X, X:X, X:X, X:X, 717:4, 705:4, 631:5, 56:5, X:X, X:X, 642:5, 629:5, 600:5, 626:5, 547:5, 56:5, X:X, 679:4, 584:5, 510:5, 519:5, 511:5, 494:5, 55:5, 621:5, 605:4, 521:5, 475:5, 461:5, 459:5, 438:5, 469:5,",
"X:X, X:X, X:X, X:X, X:X, X:X, X:X, X:X, X:X, X:X, X:X, X:X, X:X, X:X, X:X, X:X, X:X, X:X, X:X, X:X, X:X, X:X, X:X, 66:5, X:X, X:X, X:X, X:X, X:X, X:X, X:X, 61:5, X:X, X:X, X:X, X:X, X:X, X:X, X:X, 59:5, X:X, X:X, X:X, X:X, X:X, X:X, X:X, 54:5, X:X, X:X, X:X, 901:4, X:X, X:X, X:X, 51:5, X:X, 779:5, 848:4, 771:4, 856:4, 785:4, X:X, 684:4,",
"X:X, X:X, X:X, X:X, X:X, X:X, X:X, X:X, X:X, X:X, X:X, X:X, X:X, X:X, X:X, X:X, X:X, X:X, X:X, X:X, X:X, X:X, X:X, 65:5, X:X, X:X, X:X, 637:10, 618:10, X:X, X:X, 64:5, X:X, X:X, X:X, X:X, 665:10, X:X, X:X, 57:5, X:X, X:X, X:X, X:X, X:X, 724:10, X:X, 56:5, X:X, X:X, X:X, X:X, X:X, 749:10, X:X, 53:5, X:X, X:X, X:X, 925:5, 982:5, 914:5, X:X, X:X,",
"X:X, X:X, X:X, X:X, X:X, X:X, X:X, X:X, X:X, X:X, X:X, X:X, X:X, X:X, X:X, X:X, X:X, X:X, X:X, X:X, X:X, X:X, X:X, 64:5, X:X, X:X, X:X, X:X, X:X, X:X, X:X, 62:5, X:X, X:X, X:X, X:X, X:X, X:X, X:X, 59:5, X:X, X:X, X:X, X:X, X:X, X:X, X:X, 55:5, X:X, X:X, X:X, 1208:10, 1079:10, X:X, 989:10, 52:5, X:X, X:X, 823:10, 810:5, 807:5, 825:5, 936:10, X:X,",
"X:X, X:X, X:X, X:X, X:X, X:X, X:X, X:X, X:X, X:X, X:X, X:X, X:X, X:X, X:X, X:X, X:X, X:X, X:X, X:X, X:X, X:X, X:X, 65:5, X:X, X:X, X:X, X:X, X:X, X:X, X:X, 66:5, X:X, X:X, X:X, X:X, X:X, X:X, X:X, 60:5, X:X, X:X, X:X, X:X, X:X, X:X, X:X, 56:5, X:X, X:X, X:X, X:X, 929:5, 877:10, 919:5, 54:5, X:X, X:X, 826:5, 746:5, 744:5, 805:5, X:X, X:X,",
"X:X, X:X, X:X, X:X, X:X, X:X, X:X, X:X, X:X, X:X, X:X, X:X, X:X, X:X, X:X, X:X, X:X, X:X, X:X, X:X, X:X, X:X, X:X, 65:5, X:X, X:X, X:X, X:X, X:X, X:X, X:X, 62:5, X:X, X:X, X:X, X:X, X:X, X:X, X:X, 59:5, X:X, X:X, X:X, X:X, X:X, X:X, X:X, 54:5, X:X, 717:10, 687:10, 661:10, 647:4, X:X, X:X, 50:5, 449:10, 505:10, 546:4, 581:5, 608:5, 679:5, 819:10, 535:10,",
"X:X, X:X, X:X, X:X, X:X, X:X, X:X, X:X, X:X, X:X, X:X, X:X, X:X, X:X, X:X, X:X, X:X, X:X, X:X, X:X, X:X, X:X, X:X, 67:5, X:X, X:X, X:X, X:X, X:X, X:X, X:X, 62:5, X:X, X:X, X:X, X:X, X:X, X:X, X:X, 59:5, 568:10, X:X, X:X, X:X, X:X, X:X, X:X, 56:5, 597:10, 486:4, 632:9, 563:5, 705:5, X:X, X:X, 52:5, 383:4, 402:5, 451:5, 516:5, 543:5, 572:5, X:X, X:X,",
"X:X, X:X, X:X, X:X, X:X, X:X, X:X, X:X, X:X, X:X, X:X, X:X, X:X, X:X, X:X, X:X, X:X, X:X, X:X, X:X, X:X, X:X, X:X, 67:5, X:X, X:X, X:X, X:X, X:X, X:X, X:X, 62:5, X:X, X:X, X:X, X:X, X:X, X:X, X:X, 60:5, X:X, X:X, X:X, X:X, X:X, X:X, X:X, 54:5, X:X, X:X, 701:5, 694:5, X:X, X:X, X:X, 52:5, 442:5, 477:5, 523:5, 585:5, 615:5, 672:5, X:X, X:X,",
"X:X, X:X, X:X, X:X, X:X, X:X, X:X, X:X, X:X, X:X, X:X, X:X, X:X, X:X, X:X, X:X, X:X, X:X, X:X, X:X, X:X, X:X, X:X, 66:5, X:X, X:X, X:X, X:X, X:X, X:X, X:X, 65:5, X:X, X:X, X:X, X:X, X:X, X:X, X:X, 62:5, X:X, X:X, X:X, X:X, X:X, X:X, X:X, 55:5, X:X, X:X, X:X, X:X, 945:10, X:X, 508:10, 54:5, X:X, 636:5, 677:5, 667:5, 680:5, 753:5, 515:10, 481:10,",
"X:X, X:X, X:X, X:X, X:X, X:X, X:X, X:X, X:X, X:X, X:X, X:X, X:X, X:X, X:X, X:X, X:X, X:X, X:X, X:X, X:X, X:X, X:X, 65:5, X:X, X:X, X:X, X:X, X:X, X:X, X:X, 61:5, X:X, X:X, X:X, X:X, X:X, X:X, X:X, 60:5, X:X, X:X, X:X, X:X, X:X, X:X, X:X, 53:5, X:X, X:X, X:X, 1125:10, X:X, X:X, X:X, 52:5, X:X, 944:4, 786:9, 741:5, 840:5, X:X, X:X, X:X,",
"X:X, X:X, X:X, X:X, X:X, X:X, X:X, X:X, X:X, X:X, X:X, X:X, X:X, X:X, X:X, X:X, X:X, X:X, X:X, X:X, X:X, X:X, X:X, 65:5, X:X, X:X, X:X, X:X, X:X, X:X, X:X, 62:5, X:X, X:X, X:X, X:X, X:X, X:X, X:X, 60:5, X:X, X:X, 908:10, 887:10, X:X, X:X, X:X, 55:5, X:X, X:X, 892:10, 907:4, X:X, X:X, X:X, 53:5, 740:10, 741:4, 763:5, 821:5, X:X, X:X, X:X, X:X,",
"X:X, X:X, X:X, X:X, X:X, X:X, X:X, X:X, X:X, X:X, X:X, X:X, X:X, X:X, X:X, X:X, X:X, X:X, X:X, X:X, X:X, X:X, X:X, 65:5, X:X, X:X, X:X, X:X, X:X, X:X, X:X, 62:5, X:X, X:X, X:X, X:X, X:X, X:X, X:X, 59:5, 936:10, 879:10, X:X, X:X, X:X, X:X, X:X, 55:5, 874:10, 873:10, X:X, X:X, X:X, X:X, X:X, 53:5, 792:5, 838:5, X:X, X:X, X:X, X:X, X:X, X:X,",
"X:X, X:X, X:X, X:X, X:X, X:X, X:X, X:X, X:X, X:X, X:X, X:X, X:X, X:X, X:X, X:X, X:X, X:X, X:X, X:X, X:X, X:X, X:X, 65:5, X:X, X:X, X:X, X:X, X:X, X:X, X:X, 67:5, X:X, X:X, X:X, X:X, X:X, X:X, X:X, 62:5, X:X, X:X, X:X, X:X, 871:10, X:X, X:X, 57:5, X:X, X:X, X:X, 937:10, 847:10, 866:10, X:X, 54:5, X:X, X:X, X:X, 823:10, 844:10, 856:10, X:X, X:X,",
